<?xml version="1.0" encoding="utf-8"?>
<COLLADA xmlns="http://www.collada.org/2005/11/COLLADASchema" version="1.4.1" xmlns:xsi="http://www.w3.org/2001/XMLSchema-instance">
  <asset>
    <contributor>
      <author>Blender User</author>
      <authoring_tool>Blender 3.5.1 commit date:2023-04-24, commit time:18:11, hash:e1ccd9d4a1d3</authoring_tool>
    </contributor>
    <created>2023-05-16T16:34:14</created>
    <modified>2023-05-16T16:34:14</modified>
    <unit name="meter" meter="1"/>
    <up_axis>Z_UP</up_axis>
  </asset>
  <library_effects>
    <effect id="MTL0-effect">
      <profile_COMMON>
        <technique sid="common">
          <lambert>
            <emission>
              <color sid="emission">0 0 0 1</color>
            </emission>
            <diffuse>
              <color sid="diffuse">0.059 0.373 0.686 1</color>
            </diffuse>
            <index_of_refraction>
              <float sid="ior">1.45</float>
            </index_of_refraction>
          </lambert>
        </technique>
      </profile_COMMON>
    </effect>
  </library_effects>
  <library_images/>
  <library_materials>
    <material id="MTL0-material" name="MTL0">
      <instance_effect url="#MTL0-effect"/>
    </material>
  </library_materials>
  <library_geometries>
    <geometry id="clr_link_0_visual-inertia-mesh" name="clr_link_0_visual-inertia">
      <mesh>
        <source id="clr_link_0_visual-inertia-mesh-positions">
          <float_array id="clr_link_0_visual-inertia-mesh-positions-array" count="4902">-0.395122 -0.315011 0.3 -0.395122 -0.315011 0.3 -0.395122 -0.315011 0.3 -0.395122 -0.315011 0.3 -0.395122 -0.585013 0.3 -0.395122 -0.585013 0.3 -0.395122 -0.585013 0.3 -0.485115 -0.585013 0.3 -0.485115 -0.585013 0.3 -0.485115 -0.585013 0.3 -0.485115 -0.315011 0.3 -0.485115 -0.315011 0.3 -0.485115 -0.315011 0.3 -0.485115 -0.315011 0.3 -0.855015 -0.315011 0.3 -0.855015 -0.315011 0.3 -0.855015 -0.315011 0.3 -0.855015 -0.315011 0.345 -0.855015 -0.315011 0.345 -0.855015 -0.315011 0.345 -0.855015 -0.315011 0.345 -0.04500895 -0.315011 0.345 -0.04500895 -0.315011 0.345 -0.04500895 -0.315011 0.345 -0.04500895 -0.315011 0.345 -0.04500895 -0.315011 0.3 -0.04500895 -0.315011 0.3 -0.04500895 -0.315011 0.3 -0.855015 -0.225011 0.3 -0.855015 -0.225011 0.3 -0.855015 -0.225011 0.3 -0.855015 -0.225011 0.3 -0.485115 -0.225011 0.3 -0.485115 -0.225011 0.3 -0.485115 -0.225011 0.3 -0.485115 -0.225011 0.3 -0.855015 -0.18 0.3 -0.855015 -0.18 0.3 -0.855015 -0.18 0.3 -0.855015 -0.18 0.3 -0.855015 -0.139004 0.3 -0.855015 -0.139004 0.3 -0.855015 -0.139004 0.3 -0.855015 -0.139004 0.21 -0.855015 -0.139004 0.21 -0.855015 -0.139004 0.21 -0.855015 -0.315011 0.21 -0.855015 -0.315011 0.21 -0.855015 -0.315011 0.21 -0.855015 -0.315011 0.139387 -0.855015 -0.315011 0.139387 -0.855015 -0.315011 0.139387 -0.855015 -0.405003 0.139387 -0.855015 -0.405003 0.139387 -0.855015 -0.405003 0.139387 -0.855015 -0.405003 0.409387 -0.855015 -0.405003 0.409387 -0.855015 -0.405003 0.409387 -0.855015 -0.315011 0.409387 -0.855015 -0.315011 0.409387 -0.855015 -0.315011 0.409387 -0.485115 -0.18 0.3 -0.485115 -0.18 0.3 -0.485115 -0.18 0.3 -0.485115 -0.18 0.3 -0.485115 -0.139004 0.3 -0.485115 -0.139004 0.3 -0.485115 -0.139004 0.3 -0.579114 -0.04500395 0.3 -0.579114 -0.04500395 0.3 -0.579114 -0.04500395 0.3 -0.579114 -0.04500395 0.3 -0.579114 -0.04500395 0.3 -0.761016 -0.04500395 0.3 -0.761016 -0.04500395 0.3 -0.761016 -0.04500395 0.3 -0.761016 -0.04500395 0.3 -0.761016 -0.04500395 0.3 -0.945007 -0.18 0.3 -0.945007 -0.18 0.3 -0.945007 -0.18 0.3 -0.945007 -0.18 0.3 -1.2645 -0.18 0.3 -1.2645 -0.18 0.3 -1.2645 -0.18 0.3 -1.2645 -0.18 0.39 -1.2645 -0.18 0.39 -1.2645 -0.18 0.39 -0.08324998 -0.18 0.39 -0.08324998 -0.18 0.39 1.098 -0.18 0.39 1.098 -0.18 0.39 1.098 -0.18 0.39 1.098 -0.18 0.3 1.098 -0.18 0.3 1.098 -0.18 0.3 0.944982 -0.18 0.3 0.944982 -0.18 0.3 0.944982 -0.18 0.3 0.944982 -0.18 0.3 0.854989 -0.18 0.3 0.854989 -0.18 0.3 0.854989 -0.18 0.3 0.854989 -0.18 0.3 0.491439 -0.18 0.3 0.491439 -0.18 0.3 0.491439 -0.18 0.3 0.491439 -0.18 0.3 0.401447 -0.18 0.3 0.401447 -0.18 0.3 0.401447 -0.18 0.3 0.401447 -0.18 0.3 0.04498296 -0.18 0.3 0.04498296 -0.18 0.3 0.04498296 -0.18 0.3 0.04498296 -0.18 0.3 -0.04500895 -0.18 0.3 -0.04500895 -0.18 0.3 -0.04500895 -0.18 0.3 -0.04500895 -0.18 0.3 -0.395122 -0.18 0.3 -0.395122 -0.18 0.3 -0.395122 -0.18 0.3 -0.395122 -0.18 0.3 -0.945007 -0.225011 0.3 -0.945007 -0.225011 0.3 -0.945007 -0.225011 0.3 -0.945007 -0.225011 0.3 -0.395122 -0.225011 0.3 -0.395122 -0.225011 0.3 -0.395122 -0.225011 0.3 -0.395122 -0.225011 0.3 -0.04500895 -0.225011 0.3 -0.04500895 -0.225011 0.3 -0.04500895 -0.225011 0.3 -0.04500895 -0.225011 0.3 0.04498296 -0.225011 0.3 0.04498296 -0.225011 0.3 0.04498296 -0.225011 0.3 0.04498296 -0.225011 0.3 0.401447 -0.225011 0.3 0.401447 -0.225011 0.3 0.401447 -0.225011 0.3 0.401447 -0.225011 0.3 0.491439 -0.225011 0.3 0.491439 -0.225011 0.3 0.491439 -0.225011 0.3 0.491439 -0.225011 0.3 0.854989 -0.225011 0.3 0.854989 -0.225011 0.3 0.854989 -0.225011 0.3 0.854989 -0.225011 0.3 0.944982 -0.225011 0.3 0.944982 -0.225011 0.3 0.944982 -0.225011 0.3 0.944982 -0.225011 0.3 1.0575 -0.225011 0.3 1.0575 -0.225011 0.3 1.0575 -0.225011 0.3 1.0575 -0.225011 0.345 1.0575 -0.225011 0.345 1.0575 -0.225011 0.345 0 -0.225011 0.345 0 -0.225011 0.345 -1.0575 -0.225011 0.345 -1.0575 -0.225011 0.345 -1.0575 -0.225011 0.345 -1.0575 -0.225011 0.3 -1.0575 -0.225011 0.3 -1.0575 -0.225011 0.3 -0.395122 -0.139004 0.3 -0.395122 -0.139004 0.3 -0.395122 -0.139004 0.3 -0.395122 -0.139004 0.21 -0.395122 -0.139004 0.21 -0.395122 -0.139004 0.21 -0.395122 -0.495021 0.21 -0.395122 -0.495021 0.21 -0.395122 -0.495021 0.21 -0.395122 -0.495021 0.09749996 -0.395122 -0.495021 0.09749996 -0.395122 -0.495021 0.09749996 -0.395122 -0.585013 0.09749996 -0.395122 -0.585013 0.09749996 -0.395122 -0.585013 0.09749996 -0.04500895 -0.1389909 0.3 -0.04500895 -0.1389909 0.3 -0.04500895 -0.1389909 0.3 -0.138995 -0.04500395 0.3 -0.138995 -0.04500395 0.3 -0.138995 -0.04500395 0.3 -0.138995 -0.04500395 0.3 -0.138995 -0.04500395 0.3 -0.301123 -0.04500395 0.3 -0.301123 -0.04500395 0.3 -0.301123 -0.04500395 0.3 -0.301123 -0.04500395 0.3 -0.301123 -0.04500395 0.3 -0.04500895 -0.315011 0.409387 -0.04500895 -0.315011 0.409387 -0.04500895 -0.315011 0.409387 -0.04500895 -0.405003 0.409387 -0.04500895 -0.405003 0.409387 -0.04500895 -0.405003 0.409387 -0.04500895 -0.405003 0.139387 -0.04500895 -0.405003 0.139387 -0.04500895 -0.405003 0.139387 -0.04500895 -0.315011 0.139387 -0.04500895 -0.315011 0.139387 -0.04500895 -0.315011 0.139387 -0.04500895 -0.315011 0.21 -0.04500895 -0.315011 0.21 -0.04500895 -0.315011 0.21 -0.04500895 -0.1389909 0.21 -0.04500895 -0.1389909 0.21 -0.04500895 -0.1389909 0.21 0.04498296 -0.139016 0.3 0.04498296 -0.139016 0.3 0.04498296 -0.139016 0.3 0.04498296 -0.139016 0.21 0.04498296 -0.139016 0.21 0.04498296 -0.139016 0.21 0.04498296 -0.315011 0.21 0.04498296 -0.315011 0.21 0.04498296 -0.315011 0.21 0.04498296 -0.315011 0.139387 0.04498296 -0.315011 0.139387 0.04498296 -0.315011 0.139387 0.04498296 -0.405003 0.139387 0.04498296 -0.405003 0.139387 0.04498296 -0.405003 0.139387 0.04498296 -0.405003 0.409387 0.04498296 -0.405003 0.409387 0.04498296 -0.405003 0.409387 0.04498296 -0.315011 0.409387 0.04498296 -0.315011 0.409387 0.04498296 -0.315011 0.409387 0.04498296 -0.315011 0.345 0.04498296 -0.315011 0.345 0.04498296 -0.315011 0.345 0.04498296 -0.315011 0.345 0.04498296 -0.315011 0.3 0.04498296 -0.315011 0.3 0.04498296 -0.315011 0.3 0.401447 -0.139004 0.3 0.401447 -0.139004 0.3 0.401447 -0.139004 0.3 0.307448 -0.04500395 0.3 0.307448 -0.04500395 0.3 0.307448 -0.04500395 0.3 0.307448 -0.04500395 0.3 0.307448 -0.04500395 0.3 0.138995 -0.04500395 0.3 0.138995 -0.04500395 0.3 0.138995 -0.04500395 0.3 0.138995 -0.04500395 0.3 0.138995 -0.04500395 0.3 0.401447 -0.315011 0.3 0.401447 -0.315011 0.3 0.401447 -0.315011 0.3 0.401447 -0.315011 0.3 0.401447 -0.585013 0.3 0.401447 -0.585013 0.3 0.401447 -0.585013 0.3 0.401447 -0.585013 0.09749996 0.401447 -0.585013 0.09749996 0.401447 -0.585013 0.09749996 0.401447 -0.495021 0.09749996 0.401447 -0.495021 0.09749996 0.401447 -0.495021 0.09749996 0.401447 -0.495021 0.21 0.401447 -0.495021 0.21 0.401447 -0.495021 0.21 0.401447 -0.139004 0.21 0.401447 -0.139004 0.21 0.401447 -0.139004 0.21 0.491439 -0.139004 0.3 0.491439 -0.139004 0.3 0.491439 -0.139004 0.3 0.491439 -0.139004 0.21 0.491439 -0.139004 0.21 0.491439 -0.139004 0.21 0.491439 -0.495021 0.21 0.491439 -0.495021 0.21 0.491439 -0.495021 0.21 0.491439 -0.495021 0.09749996 0.491439 -0.495021 0.09749996 0.491439 -0.495021 0.09749996 0.491439 -0.585013 0.09749996 0.491439 -0.585013 0.09749996 0.491439 -0.585013 0.09749996 0.491439 -0.585013 0.3 0.491439 -0.585013 0.3 0.491439 -0.585013 0.3 0.491439 -0.315011 0.3 0.491439 -0.315011 0.3 0.491439 -0.315011 0.3 0.491439 -0.315011 0.3 0.854989 -0.139004 0.3 0.854989 -0.139004 0.3 0.854989 -0.139004 0.3 0.76099 -0.04500395 0.3 0.76099 -0.04500395 0.3 0.76099 -0.04500395 0.3 0.76099 -0.04500395 0.3 0.76099 -0.04500395 0.3 0.585438 -0.04500395 0.3 0.585438 -0.04500395 0.3 0.585438 -0.04500395 0.3 0.585438 -0.04500395 0.3 0.585438 -0.04500395 0.3 0.854989 -0.315011 0.3 0.854989 -0.315011 0.3 0.854989 -0.315011 0.3 0.854989 -0.315011 0.345 0.854989 -0.315011 0.345 0.854989 -0.315011 0.345 0.854989 -0.315011 0.345 0.854989 -0.315011 0.409387 0.854989 -0.315011 0.409387 0.854989 -0.315011 0.409387 0.854989 -0.405003 0.409387 0.854989 -0.405003 0.409387 0.854989 -0.405003 0.409387 0.854989 -0.405003 0.139387 0.854989 -0.405003 0.139387 0.854989 -0.405003 0.139387 0.854989 -0.315011 0.139387 0.854989 -0.315011 0.139387 0.854989 -0.315011 0.139387 0.854989 -0.315011 0.21 0.854989 -0.315011 0.21 0.854989 -0.315011 0.21 0.854989 -0.139004 0.21 0.854989 -0.139004 0.21 0.854989 -0.139004 0.21 0.944982 -0.139004 0.3 0.944982 -0.139004 0.3 0.944982 -0.139004 0.3 0.944982 -0.139004 0.21 0.944982 -0.139004 0.21 0.944982 -0.139004 0.21 0.944982 -0.315011 0.21 0.944982 -0.315011 0.21 0.944982 -0.315011 0.21 0.944982 -0.315011 0.139387 0.944982 -0.315011 0.139387 0.944982 -0.315011 0.139387 0.944982 -0.405003 0.139387 0.944982 -0.405003 0.139387 0.944982 -0.405003 0.139387 0.944982 -0.405003 0.409387 0.944982 -0.405003 0.409387 0.944982 -0.405003 0.409387 0.944982 -0.315011 0.409387 0.944982 -0.315011 0.409387 0.944982 -0.315011 0.409387 0.944982 -0.315011 0.345 0.944982 -0.315011 0.345 0.944982 -0.315011 0.345 0.944982 -0.315011 0.345 0.944982 -0.315011 0.3 0.944982 -0.315011 0.3 0.944982 -0.315011 0.3 1.098 -0.04499995 0.3 1.098 -0.04499995 0.3 1.098 -0.04499995 0.3 1.038981 -0.04500395 0.3 1.038981 -0.04500395 0.3 1.038981 -0.04500395 0.3 1.038981 -0.04500395 0.3 1.038981 -0.04500395 0.3 1.098 -0.04499995 0.39 1.098 -0.04499995 0.39 1.098 -0.04499995 0.39 1.098 -0.1554999 0.302 1.098 -0.1554999 0.302 1.098 -0.1554999 0.302 1.098 -0.06949996 0.302 1.098 -0.06949996 0.302 1.098 -0.06949996 0.302 1.098 -0.06949996 0.388 1.098 -0.06949996 0.388 1.098 -0.06949996 0.388 1.098 -0.1554999 0.388 1.098 -0.1554999 0.388 1.098 -0.1554999 0.388 -1.2645 -0.04499995 0.39 -1.2645 -0.04499995 0.39 -1.2645 -0.04499995 0.39 -0.08324998 -0.04499995 0.39 -0.08324998 -0.04499995 0.39 -1.2645 -0.04499995 0.3 -1.2645 -0.04499995 0.3 -1.2645 -0.04499995 0.3 -1.125017 -0.04500496 0.3 -1.125017 -0.04500496 0.3 -1.125017 -0.04500496 0.3 -1.125017 -0.04500496 0.3 -1.125017 -0.04500496 0.3 -1.215009 -0.04500395 0.3 -1.215009 -0.04500395 0.3 -1.215009 -0.04500395 0.3 -1.215009 -0.04500395 0.3 -0.945007 -0.139004 0.3 -0.945007 -0.139004 0.3 -0.945007 -0.139004 0.3 -1.039006 -0.04500395 0.3 -1.039006 -0.04500395 0.3 -1.039006 -0.04500395 0.3 -1.039006 -0.04500395 0.3 -1.039006 -0.04500395 0.3 -1.039002 -0.04500895 0.21 -1.039002 -0.04500895 0.21 -1.039002 -0.04500895 0.21 -1.125017 -0.04500895 0.21 -1.125017 -0.04500895 0.21 -1.125017 -0.04500895 0.21 -1.125017 -0.04500895 0.09668898 -1.125017 -0.04500895 0.09668898 -1.125017 -0.04500895 0.09668898 -1.215009 -0.04500895 0.09668898 -1.215009 -0.04500895 0.09668898 -1.215009 -0.04500895 0.09668898 -0.761011 0.04499995 0.3 -0.761011 0.04499995 0.3 -0.761011 0.04499995 0.3 -0.761011 0.04499995 0.3 -0.760995 0.04498296 0.3 -0.760995 0.04498296 0.3 -0.760995 0.04498296 0.3 -0.579135 0.04498296 0.3 -0.579135 0.04498296 0.3 -0.579135 0.04498296 0.3 -0.579118 0.04499995 0.3 -0.579118 0.04499995 0.3 -0.579118 0.04499995 0.3 -0.579118 0.04499995 0.3 -0.301119 0.04499995 0.3 -0.301119 0.04499995 0.3 -0.301119 0.04499995 0.3 -0.301119 0.04499995 0.3 -0.301102 0.04498296 0.3 -0.301102 0.04498296 0.3 -0.301102 0.04498296 0.3 -0.139016 0.04498296 0.3 -0.139016 0.04498296 0.3 -0.139016 0.04498296 0.3 -0.1389999 0.04499995 0.3 -0.1389999 0.04499995 0.3 -0.1389999 0.04499995 0.3 -0.1389999 0.04499995 0.3 0.1389999 0.04499995 0.3 0.1389999 0.04499995 0.3 0.1389999 0.04499995 0.3 0.1389999 0.04499995 0.3 0.139016 0.04498296 0.3 0.139016 0.04498296 0.3 0.139016 0.04498296 0.3 0.307427 0.04498296 0.3 0.307427 0.04498296 0.3 0.307427 0.04498296 0.3 0.307443 0.04499995 0.3 0.307443 0.04499995 0.3 0.307443 0.04499995 0.3 0.307443 0.04499995 0.3 0.585443 0.04499995 0.3 0.585443 0.04499995 0.3 0.585443 0.04499995 0.3 0.585443 0.04499995 0.3 0.585459 0.04498296 0.3 0.585459 0.04498296 0.3 0.585459 0.04498296 0.3 0.760969 0.04498296 0.3 0.760969 0.04498296 0.3 0.760969 0.04498296 0.3 0.760986 0.04499995 0.3 0.760986 0.04499995 0.3 0.760986 0.04499995 0.3 0.760986 0.04499995 0.3 1.038985 0.04499995 0.3 1.038985 0.04499995 0.3 1.038985 0.04499995 0.3 1.038985 0.04499995 0.3 1.039002 0.04498296 0.3 1.039002 0.04498296 0.3 1.039002 0.04498296 0.3 1.124991 0.04498296 0.3 1.124991 0.04498296 0.3 1.124991 0.04498296 0.3 1.124991 -0.04500895 0.3 1.124991 -0.04500895 0.3 1.124991 -0.04500895 0.3 -1.125017 0.04498296 0.3 -1.125017 0.04498296 0.3 -1.125017 0.04498296 0.3 -1.039027 0.04498296 0.3 -1.039027 0.04498296 0.3 -1.039027 0.04498296 0.3 -1.039011 0.04499995 0.3 -1.039011 0.04499995 0.3 -1.039011 0.04499995 0.3 -1.039011 0.04499995 0.3 -1.3368 0.04499995 0.3 -1.3368 0.04499995 0.3 -1.3368 0.04499995 0.3 -1.3368 0.04499995 0.39 -1.3368 0.04499995 0.39 -1.3368 0.04499995 0.39 -0.06554996 0.04499995 0.39 -0.06554996 0.04499995 0.39 1.2057 0.04499995 0.39 1.2057 0.04499995 0.39 1.2057 0.04499995 0.39 1.2057 0.04499995 0.3 1.2057 0.04499995 0.3 1.2057 0.04499995 0.3 -0.949011 0.135 0.3 -0.949011 0.135 0.3 -0.949011 0.135 0.3 -0.949011 0.135 0.3 -1.3368 0.135 0.3 -1.3368 0.135 0.3 -1.3368 0.135 0.3 -1.039027 0.04498296 0.21 -1.039027 0.04498296 0.21 -1.039027 0.04498296 0.21 -0.945007 0.139004 0.21 -0.945007 0.139004 0.21 -0.945007 0.139004 0.21 -0.945007 0.139004 0.3 -0.945007 0.139004 0.3 -0.945007 0.139004 0.3 -1.125017 0.04498296 0.321689 -1.125017 0.04498296 0.321689 -1.125017 0.04498296 0.321689 -1.215009 0.04498296 0.321689 -1.215009 0.04498296 0.321689 -1.215009 0.04498296 0.321689 -1.215009 0.04498296 0.09668898 -1.215009 0.04498296 0.09668898 -1.215009 0.04498296 0.09668898 -1.125017 0.04498296 0.09668898 -1.125017 0.04498296 0.09668898 -1.125017 0.04498296 0.09668898 -1.125017 0.04498296 0.21 -1.125017 0.04498296 0.21 -1.125017 0.04498296 0.21 -1.125017 -0.04499995 0.321689 -1.125017 -0.04499995 0.321689 -1.125017 -0.04499995 0.321689 -1.215009 -0.04499995 0.321689 -1.215009 -0.04499995 0.321689 -1.215009 -0.04499995 0.321689 -1.170013 -0.00999999 0.09668898 -1.170013 -0.00999999 0.09668898 -1.170013 -0.00999999 0.09668898 -1.178673 -0.004999995 0.09668898 -1.178673 -0.004999995 0.09668898 -1.178674 0.004997968 0.09668898 -1.178674 0.004997968 0.09668898 -1.170013 0.00999999 0.09668898 -1.170013 0.00999999 0.09668898 -1.170013 0.00999999 0.09668898 -1.161352 0.004999995 0.09668898 -1.161352 0.004999995 0.09668898 -1.161352 -0.004997968 0.09668898 -1.161352 -0.004997968 0.09668898 -0.945007 0.314985 0.21 -0.945007 0.314985 0.21 -0.945007 0.314985 0.21 -0.945007 -0.139004 0.21 -0.945007 -0.139004 0.21 -0.945007 -0.139004 0.21 -0.945007 -0.315011 0.21 -0.945007 -0.315011 0.21 -0.945007 -0.315011 0.21 -0.76102 -0.04500895 0.21 -0.76102 -0.04500895 0.21 -0.76102 -0.04500895 0.21 -0.579109 -0.04500895 0.21 -0.579109 -0.04500895 0.21 -0.579109 -0.04500895 0.21 -0.485115 -0.139004 0.21 -0.485115 -0.139004 0.21 -0.485115 -0.139004 0.21 -0.485115 -0.495021 0.21 -0.485115 -0.495021 0.21 -0.485115 -0.495021 0.21 -0.301128 -0.04500895 0.21 -0.301128 -0.04500895 0.21 -0.301128 -0.04500895 0.21 -0.1389909 -0.04500895 0.21 -0.1389909 -0.04500895 0.21 -0.1389909 -0.04500895 0.21 0.1389909 -0.04500895 0.21 0.1389909 -0.04500895 0.21 0.1389909 -0.04500895 0.21 0.307452 -0.04500895 0.21 0.307452 -0.04500895 0.21 0.307452 -0.04500895 0.21 0.585434 -0.04500895 0.21 0.585434 -0.04500895 0.21 0.585434 -0.04500895 0.21 0.760995 -0.04500895 0.21 0.760995 -0.04500895 0.21 0.760995 -0.04500895 0.21 1.038976 -0.04500895 0.21 1.038976 -0.04500895 0.21 1.038976 -0.04500895 0.21 1.124991 -0.04500895 0.21 1.124991 -0.04500895 0.21 1.124991 -0.04500895 0.21 1.124991 0.04498296 0.21 1.124991 0.04498296 0.21 1.124991 0.04498296 0.21 1.039002 0.04498296 0.21 1.039002 0.04498296 0.21 1.039002 0.04498296 0.21 0.944982 0.139004 0.21 0.944982 0.139004 0.21 0.944982 0.139004 0.21 0.944982 0.314985 0.21 0.944982 0.314985 0.21 0.944982 0.314985 0.21 0.854989 0.314985 0.21 0.854989 0.314985 0.21 0.854989 0.314985 0.21 0.854989 0.139004 0.21 0.854989 0.139004 0.21 0.854989 0.139004 0.21 0.760969 0.04498296 0.21 0.760969 0.04498296 0.21 0.760969 0.04498296 0.21 0.585459 0.04498296 0.21 0.585459 0.04498296 0.21 0.585459 0.04498296 0.21 0.491439 0.139004 0.21 0.491439 0.139004 0.21 0.491439 0.139004 0.21 0.491439 0.494995 0.21 0.491439 0.494995 0.21 0.491439 0.494995 0.21 0.401447 0.494995 0.21 0.401447 0.494995 0.21 0.401447 0.494995 0.21 0.401447 0.139004 0.21 0.401447 0.139004 0.21 0.401447 0.139004 0.21 0.307427 0.04498296 0.21 0.307427 0.04498296 0.21 0.307427 0.04498296 0.21 0.139016 0.04498296 0.21 0.139016 0.04498296 0.21 0.139016 0.04498296 0.21 0.04498296 0.139016 0.21 0.04498296 0.139016 0.21 0.04498296 0.139016 0.21 0.04498296 0.314985 0.21 0.04498296 0.314985 0.21 0.04498296 0.314985 0.21 -0.04500895 0.314985 0.21 -0.04500895 0.314985 0.21 -0.04500895 0.314985 0.21 -0.04500895 0.1389909 0.21 -0.04500895 0.1389909 0.21 -0.04500895 0.1389909 0.21 -0.139016 0.04498296 0.21 -0.139016 0.04498296 0.21 -0.139016 0.04498296 0.21 -0.301102 0.04498296 0.21 -0.301102 0.04498296 0.21 -0.301102 0.04498296 0.21 -0.395122 0.139004 0.21 -0.395122 0.139004 0.21 -0.395122 0.139004 0.21 -0.395122 0.494995 0.21 -0.395122 0.494995 0.21 -0.395122 0.494995 0.21 -0.485115 0.494995 0.21 -0.485115 0.494995 0.21 -0.485115 0.494995 0.21 -0.485115 0.139004 0.21 -0.485115 0.139004 0.21 -0.485115 0.139004 0.21 -0.579135 0.04498296 0.21 -0.579135 0.04498296 0.21 -0.579135 0.04498296 0.21 -0.760995 0.04498296 0.21 -0.760995 0.04498296 0.21 -0.760995 0.04498296 0.21 -0.855015 0.139004 0.21 -0.855015 0.139004 0.21 -0.855015 0.139004 0.21 -0.855015 0.314985 0.21 -0.855015 0.314985 0.21 -0.855015 0.314985 0.21 -0.945007 0.314985 0.139387 -0.945007 0.314985 0.139387 -0.945007 0.314985 0.139387 -0.945007 0.404978 0.139387 -0.945007 0.404978 0.139387 -0.945007 0.404978 0.139387 -0.945007 0.404978 0.409387 -0.945007 0.404978 0.409387 -0.945007 0.404978 0.409387 -0.945007 0.314985 0.409387 -0.945007 0.314985 0.409387 -0.945007 0.314985 0.409387 -0.945007 0.314985 0.3 -0.945007 0.314985 0.3 -0.945007 0.314985 0.3 -0.855015 0.314985 0.139387 -0.855015 0.314985 0.139387 -0.855015 0.314985 0.139387 -0.855015 0.139004 0.3 -0.855015 0.139004 0.3 -0.855015 0.139004 0.3 -0.855015 0.224985 0.3 -0.855015 0.224985 0.3 -0.855015 0.224985 0.3 -0.855015 0.224985 0.885 -0.855015 0.224985 0.885 -0.855015 0.224985 0.885 -0.855015 0.314985 0.885 -0.855015 0.314985 0.885 -0.855015 0.314985 0.885 -0.855015 0.314985 0.409387 -0.855015 0.314985 0.409387 -0.855015 0.314985 0.409387 -0.855015 0.404978 0.409387 -0.855015 0.404978 0.409387 -0.855015 0.404978 0.409387 -0.855015 0.404978 0.139387 -0.855015 0.404978 0.139387 -0.855015 0.404978 0.139387 -0.855015 0.27 0.754025 -0.855015 0.27 0.754025 -0.855015 0.27 0.754025 -0.855015 0.27 0.799025 -0.855015 0.27 0.799025 -0.855015 0.27 0.799025 -0.855015 0.225 0.799025 -0.855015 0.225 0.799025 -0.855015 0.225 0.799025 -0.855015 0.225 0.754025 -0.855015 0.225 0.754025 -0.855015 0.225 0.754025 -0.855015 0.27 0.4143 -0.855015 0.27 0.4143 -0.855015 0.27 0.4143 -0.855015 0.27 0.4593 -0.855015 0.27 0.4593 -0.855015 0.27 0.4593 -0.855015 0.225 0.4593 -0.855015 0.225 0.4593 -0.855015 0.225 0.4593 -0.855015 0.225 0.4143 -0.855015 0.225 0.4143 -0.855015 0.225 0.4143 -0.851011 0.135 0.3 -0.851011 0.135 0.3 -0.851011 0.135 0.3 -0.851011 0.135 0.3 -0.489118 0.135 0.3 -0.489118 0.135 0.3 -0.489118 0.135 0.3 -0.489118 0.135 0.3 -0.485115 0.139004 0.3 -0.485115 0.139004 0.3 -0.485115 0.139004 0.3 -0.485115 0.494995 0.09749996 -0.485115 0.494995 0.09749996 -0.485115 0.494995 0.09749996 -0.485115 0.584987 0.09749996 -0.485115 0.584987 0.09749996 -0.485115 0.584987 0.09749996 -0.485115 0.584987 0.3 -0.485115 0.584987 0.3 -0.485115 0.584987 0.3 -0.395122 0.494995 0.09749996 -0.395122 0.494995 0.09749996 -0.395122 0.494995 0.09749996 -0.395122 0.139004 0.3 -0.395122 0.139004 0.3 -0.395122 0.139004 0.3 -0.395122 0.584987 0.3 -0.395122 0.584987 0.3 -0.395122 0.584987 0.3 -0.395122 0.584987 0.09749996 -0.395122 0.584987 0.09749996 -0.395122 0.584987 0.09749996 -0.391119 0.135 0.3 -0.391119 0.135 0.3 -0.391119 0.135 0.3 -0.391119 0.135 0.3 -0.04899996 0.135 0.3 -0.04899996 0.135 0.3 -0.04899996 0.135 0.3 -0.04899996 0.135 0.3 -0.04500895 0.1389909 0.3 -0.04500895 0.1389909 0.3 -0.04500895 0.1389909 0.3 -0.04500895 0.314985 0.139387 -0.04500895 0.314985 0.139387 -0.04500895 0.314985 0.139387 -0.04500895 0.404978 0.139387 -0.04500895 0.404978 0.139387 -0.04500895 0.404978 0.139387 -0.04500895 0.404978 0.409387 -0.04500895 0.404978 0.409387 -0.04500895 0.404978 0.409387 -0.04500895 0.314985 0.409387 -0.04500895 0.314985 0.409387 -0.04500895 0.314985 0.409387 -0.04500895 0.314985 0.3 -0.04500895 0.314985 0.3 -0.04500895 0.314985 0.3 0.04498296 0.314985 0.139387 0.04498296 0.314985 0.139387 0.04498296 0.314985 0.139387 0.04498296 0.139016 0.3 0.04498296 0.139016 0.3 0.04498296 0.139016 0.3 0.04498296 0.314985 0.3 0.04498296 0.314985 0.3 0.04498296 0.314985 0.3 0.04498296 0.314985 0.409387 0.04498296 0.314985 0.409387 0.04498296 0.314985 0.409387 0.04498296 0.404978 0.409387 0.04498296 0.404978 0.409387 0.04498296 0.404978 0.409387 0.04498296 0.404978 0.139387 0.04498296 0.404978 0.139387 0.04498296 0.404978 0.139387 0.04899996 0.135 0.3 0.04899996 0.135 0.3 0.04899996 0.135 0.3 0.04899996 0.135 0.3 0.397443 0.135 0.3 0.397443 0.135 0.3 0.397443 0.135 0.3 0.397443 0.135 0.3 0.401447 0.139004 0.3 0.401447 0.139004 0.3 0.401447 0.139004 0.3 0.401447 0.494995 0.09749996 0.401447 0.494995 0.09749996 0.401447 0.494995 0.09749996 0.401447 0.584987 0.09749996 0.401447 0.584987 0.09749996 0.401447 0.584987 0.09749996 0.401447 0.584987 0.3 0.401447 0.584987 0.3 0.401447 0.584987 0.3 0.491439 0.494995 0.09749996 0.491439 0.494995 0.09749996 0.491439 0.494995 0.09749996 0.491439 0.139004 0.3 0.491439 0.139004 0.3 0.491439 0.139004 0.3 0.491439 0.584987 0.3 0.491439 0.584987 0.3 0.491439 0.584987 0.3 0.491439 0.584987 0.09749996 0.491439 0.584987 0.09749996 0.491439 0.584987 0.09749996 0.495443 0.135 0.3 0.495443 0.135 0.3 0.495443 0.135 0.3 0.495443 0.135 0.3 0.850986 0.135 0.3 0.850986 0.135 0.3 0.850986 0.135 0.3 0.850986 0.135 0.3 0.854989 0.139004 0.3 0.854989 0.139004 0.3 0.854989 0.139004 0.3 0.854989 0.314985 0.139387 0.854989 0.314985 0.139387 0.854989 0.314985 0.139387 0.854989 0.404978 0.139387 0.854989 0.404978 0.139387 0.854989 0.404978 0.139387 0.854989 0.404978 0.409387 0.854989 0.404978 0.409387 0.854989 0.404978 0.409387 0.854989 0.314985 0.409387 0.854989 0.314985 0.409387 0.854989 0.314985 0.409387 0.854989 0.314985 0.885 0.854989 0.314985 0.885 0.854989 0.314985 0.885 0.854989 0.224985 0.885 0.854989 0.224985 0.885 0.854989 0.224985 0.885 0.854989 0.224985 0.3 0.854989 0.224985 0.3 0.854989 0.224985 0.3 0.854989 0.27 0.754025 0.854989 0.27 0.754025 0.854989 0.27 0.754025 0.854989 0.225 0.754025 0.854989 0.225 0.754025 0.854989 0.225 0.754025 0.854989 0.225 0.799025 0.854989 0.225 0.799025 0.854989 0.225 0.799025 0.854989 0.27 0.799025 0.854989 0.27 0.799025 0.854989 0.27 0.799025 0.854989 0.27 0.4143 0.854989 0.27 0.4143 0.854989 0.27 0.4143 0.854989 0.225 0.4143 0.854989 0.225 0.4143 0.854989 0.225 0.4143 0.854989 0.225 0.4593 0.854989 0.225 0.4593 0.854989 0.225 0.4593 0.854989 0.27 0.4593 0.854989 0.27 0.4593 0.854989 0.27 0.4593 0.944982 0.314985 0.139387 0.944982 0.314985 0.139387 0.944982 0.314985 0.139387 0.944982 0.139004 0.3 0.944982 0.139004 0.3 0.944982 0.139004 0.3 0.944982 0.314985 0.3 0.944982 0.314985 0.3 0.944982 0.314985 0.3 0.944982 0.314985 0.409387 0.944982 0.314985 0.409387 0.944982 0.314985 0.409387 0.944982 0.404978 0.409387 0.944982 0.404978 0.409387 0.944982 0.404978 0.409387 0.944982 0.404978 0.139387 0.944982 0.404978 0.139387 0.944982 0.404978 0.139387 0.948985 0.135 0.3 0.948985 0.135 0.3 0.948985 0.135 0.3 0.948985 0.135 0.3 1.2057 0.135 0.3 1.2057 0.135 0.3 1.2057 0.135 0.3 1.2057 0.135 0.39 1.2057 0.135 0.39 1.2057 0.135 0.39 -1.3368 0.135 0.39 -1.3368 0.135 0.39 -1.3368 0.135 0.39 -0.06554996 0.135 0.39 -0.06554996 0.135 0.39 -0.900011 0.314985 0.3 -0.900011 0.314985 0.3 -0.900011 0.314985 0.3 -0.900011 0.224985 0.3 -0.900011 0.224985 0.3 -0.900011 0.224985 0.3 -0.900011 0.314985 0.409387 -0.900011 0.314985 0.409387 -0.900011 0.314985 0.409387 -0.900011 0.314985 0.409387 -0.900011 0.314985 0.885 -0.900011 0.314985 0.885 -0.900011 0.314985 0.885 -0.900011 0.224985 0.885 -0.900011 0.224985 0.885 -0.900011 0.224985 0.885 -0.440119 0.529991 0.09749996 -0.440119 0.529991 0.09749996 -0.440119 0.529991 0.09749996 -0.448779 0.534992 0.09749996 -0.448779 0.534992 0.09749996 -0.44878 0.54499 0.09749996 -0.44878 0.54499 0.09749996 -0.440119 0.549991 0.09749996 -0.440119 0.549991 0.09749996 -0.440119 0.549991 0.09749996 -0.431458 0.544991 0.09749996 -0.431458 0.544991 0.09749996 -0.431457 0.534993 0.09749996 -0.431457 0.534993 0.09749996 -0.440119 0.529991 0.00999999 -0.440119 0.529991 0.00999999 -0.440119 0.529991 0.00999999 -0.44878 0.534993 0.00999999 -0.44878 0.534993 0.00999999 -0.448779 0.544991 0.00999999 -0.448779 0.544991 0.00999999 -0.440119 0.549991 0.00999999 -0.440119 0.549991 0.00999999 -0.440119 0.549991 0.00999999 -0.431457 0.54499 0.00999999 -0.431457 0.54499 0.00999999 -0.431458 0.534992 0.00999999 -0.431458 0.534992 0.00999999 -0.440119 0.599491 0.00999999 -0.440119 0.599491 0.00999999 -0.440119 0.599491 0.00999999 -0.405142 0.588126 0.00999999 -0.405142 0.588126 0.00999999 -0.383531 0.558378 0.00999999 -0.383531 0.558378 0.00999999 -0.383531 0.521603 0.00999999 -0.383531 0.521603 0.00999999 -0.40514 0.491859 0.00999999 -0.40514 0.491859 0.00999999 -0.440119 0.480491 0.00999999 -0.440119 0.480491 0.00999999 -0.440119 0.480491 0.00999999 -0.475095 0.491857 0.00999999 -0.475095 0.491857 0.00999999 -0.496706 0.521605 0.00999999 -0.496706 0.521605 0.00999999 -0.496706 0.55838 0.00999999 -0.496706 0.55838 0.00999999 -0.475097 0.588124 0.00999999 -0.475097 0.588124 0.00999999 -0.440119 0.599491 0 -0.440119 0.599491 0 -0.440119 0.599491 0 -0.40514 0.588124 0 -0.40514 0.588124 0 -0.383531 0.55838 0 -0.383531 0.55838 0 -0.383531 0.521605 0 -0.383531 0.521605 0 -0.405142 0.491857 0 -0.405142 0.491857 0 -0.440119 0.480491 0 -0.440119 0.480491 0 -0.440119 0.480491 0 -0.475097 0.491859 0 -0.475097 0.491859 0 -0.496706 0.521603 0 -0.496706 0.521603 0 -0.496706 0.558378 0 -0.496706 0.558378 0 -0.475095 0.588126 0 -0.475095 0.588126 0 0.446443 0.529991 0.09749996 0.446443 0.529991 0.09749996 0.446443 0.529991 0.09749996 0.437783 0.534992 0.09749996 0.437783 0.534992 0.09749996 0.437782 0.54499 0.09749996 0.437782 0.54499 0.09749996 0.446443 0.549991 0.09749996 0.446443 0.549991 0.09749996 0.446443 0.549991 0.09749996 0.455104 0.544991 0.09749996 0.455104 0.544991 0.09749996 0.455104 0.534993 0.09749996 0.455104 0.534993 0.09749996 0.446443 0.529991 0.00999999 0.446443 0.529991 0.00999999 0.446443 0.529991 0.00999999 0.437782 0.534993 0.00999999 0.437782 0.534993 0.00999999 0.437783 0.544991 0.00999999 0.437783 0.544991 0.00999999 0.446443 0.549991 0.00999999 0.446443 0.549991 0.00999999 0.446443 0.549991 0.00999999 0.455104 0.54499 0.00999999 0.455104 0.54499 0.00999999 0.455104 0.534992 0.00999999 0.455104 0.534992 0.00999999 0.446443 0.599491 0.00999999 0.446443 0.599491 0.00999999 0.446443 0.599491 0.00999999 0.481419 0.588126 0.00999999 0.481419 0.588126 0.00999999 0.503031 0.558378 0.00999999 0.503031 0.558378 0.00999999 0.50303 0.521603 0.00999999 0.50303 0.521603 0.00999999 0.481422 0.491859 0.00999999 0.481422 0.491859 0.00999999 0.446443 0.480491 0.00999999 0.446443 0.480491 0.00999999 0.446443 0.480491 0.00999999 0.411467 0.491857 0.00999999 0.411467 0.491857 0.00999999 0.389855 0.521605 0.00999999 0.389855 0.521605 0.00999999 0.389856 0.55838 0.00999999 0.389856 0.55838 0.00999999 0.411465 0.588124 0.00999999 0.411465 0.588124 0.00999999 0.446443 0.599491 0 0.446443 0.599491 0 0.446443 0.599491 0 0.481422 0.588124 0 0.481422 0.588124 0 0.50303 0.55838 0 0.50303 0.55838 0 0.503031 0.521605 0 0.503031 0.521605 0 0.481419 0.491857 0 0.481419 0.491857 0 0.446443 0.480491 0 0.446443 0.480491 0 0.446443 0.480491 0 0.411465 0.491859 0 0.411465 0.491859 0 0.389856 0.521603 0 0.389856 0.521603 0 0.389855 0.558378 0 0.389855 0.558378 0 0.411467 0.588126 0 0.411467 0.588126 0 0.899985 0.224985 0.3 0.899985 0.224985 0.3 0.899985 0.224985 0.3 0.899985 0.314985 0.3 0.899985 0.314985 0.3 0.899985 0.314985 0.3 0.899985 0.224985 0.885 0.899985 0.224985 0.885 0.899985 0.224985 0.885 0.899985 0.314985 0.885 0.899985 0.314985 0.885 0.899985 0.314985 0.885 0.899985 0.314985 0.409387 0.899985 0.314985 0.409387 0.899985 0.314985 0.409387 0.899985 0.314985 0.409387 1.124991 0.04498296 0.09668898 1.124991 0.04498296 0.09668898 1.124991 0.04498296 0.09668898 1.214984 0.04498296 0.09668898 1.214984 0.04498296 0.09668898 1.214984 0.04498296 0.09668898 1.214984 0.04498296 0.321689 1.214984 0.04498296 0.321689 1.214984 0.04498296 0.321689 1.124991 0.04498296 0.321689 1.124991 0.04498296 0.321689 1.124991 0.04498296 0.321689 1.124991 -0.04500895 0.09668898 1.124991 -0.04500895 0.09668898 1.124991 -0.04500895 0.09668898 1.124991 -0.04500895 0.321689 1.124991 -0.04500895 0.321689 1.124991 -0.04500895 0.321689 1.214984 -0.04500895 0.321689 1.214984 -0.04500895 0.321689 1.214984 -0.04500895 0.321689 1.214984 -0.04500895 0.09668898 1.214984 -0.04500895 0.09668898 1.214984 -0.04500895 0.09668898 1.169987 -0.01001298 0.09668898 1.169987 -0.01001298 0.09668898 1.169987 -0.01001298 0.09668898 1.161327 -0.005011975 0.09668898 1.161327 -0.005011975 0.09668898 1.161326 0.004985988 0.09668898 1.161326 0.004985988 0.09668898 1.169987 0.009986996 0.09668898 1.169987 0.009986996 0.09668898 1.169987 0.009986996 0.09668898 1.178648 0.004986941 0.09668898 1.178648 0.004986941 0.09668898 1.178649 -0.005010962 0.09668898 1.178649 -0.005010962 0.09668898 1.169987 -0.01001298 0.00999999 1.169987 -0.01001298 0.00999999 1.169987 -0.01001298 0.00999999 1.161326 -0.005010962 0.00999999 1.161326 -0.005010962 0.00999999 1.161327 0.004986941 0.00999999 1.161327 0.004986941 0.00999999 1.169987 0.009986996 0.00999999 1.169987 0.009986996 0.00999999 1.169987 0.009986996 0.00999999 1.178649 0.004985988 0.00999999 1.178649 0.004985988 0.00999999 1.178648 -0.005011975 0.00999999 1.178648 -0.005011975 0.00999999 1.169987 0.05948698 0.00999999 1.169987 0.05948698 0.00999999 1.169987 0.05948698 0.00999999 1.204964 0.04812198 0.00999999 1.204964 0.04812198 0.00999999 1.226575 0.01837396 0.00999999 1.226575 0.01837396 0.00999999 1.226575 -0.01840096 0.00999999 1.226575 -0.01840096 0.00999999 1.204966 -0.04814499 0.00999999 1.204966 -0.04814499 0.00999999 1.169987 -0.05951297 0.00999999 1.169987 -0.05951297 0.00999999 1.169987 -0.05951297 0.00999999 1.135011 -0.04814696 0.00999999 1.135011 -0.04814696 0.00999999 1.1134 -0.018399 0.00999999 1.1134 -0.018399 0.00999999 1.1134 0.01837599 0.00999999 1.1134 0.01837599 0.00999999 1.135009 0.04811996 0.00999999 1.135009 0.04811996 0.00999999 1.169987 0.05948698 0 1.169987 0.05948698 0 1.169987 0.05948698 0 1.204966 0.04811996 0 1.204966 0.04811996 0 1.226575 0.01837599 0 1.226575 0.01837599 0 1.226575 -0.018399 0 1.226575 -0.018399 0 1.204964 -0.04814696 0 1.204964 -0.04814696 0 1.169987 -0.05951297 0 1.169987 -0.05951297 0 1.169987 -0.05951297 0 1.135009 -0.04814499 0 1.135009 -0.04814499 0 1.1134 -0.01840096 0 1.1134 -0.01840096 0 1.1134 0.01837396 0 1.1134 0.01837396 0 1.135011 0.04812198 0 1.135011 0.04812198 0 -1.3e-5 0.27 0.754025 -1.3e-5 0.27 0.754025 -1.3e-5 0.225 0.754025 -1.3e-5 0.225 0.754025 -1.3e-5 0.27 0.799025 -1.3e-5 0.27 0.799025 -1.3e-5 0.225 0.799025 -1.3e-5 0.225 0.799025 -1.3e-5 0.27 0.4143 -1.3e-5 0.27 0.4143 -1.3e-5 0.225 0.4143 -1.3e-5 0.225 0.4143 -1.3e-5 0.27 0.4593 -1.3e-5 0.27 0.4593 -1.3e-5 0.225 0.4593 -1.3e-5 0.225 0.4593 -0.945007 -0.315011 0.3 -0.945007 -0.315011 0.3 -0.945007 -0.315011 0.3 -0.945007 -0.315011 0.345 -0.945007 -0.315011 0.345 -0.945007 -0.315011 0.345 -0.945007 -0.315011 0.345 -0.945007 -0.315011 0.409387 -0.945007 -0.315011 0.409387 -0.945007 -0.315011 0.409387 -0.945007 -0.405003 0.409387 -0.945007 -0.405003 0.409387 -0.945007 -0.405003 0.409387 -0.945007 -0.405003 0.139387 -0.945007 -0.405003 0.139387 -0.945007 -0.405003 0.139387 -0.945007 -0.315011 0.139387 -0.945007 -0.315011 0.139387 -0.945007 -0.315011 0.139387 -1.0575 -0.315011 0.3 -1.0575 -0.315011 0.3 -1.0575 -0.315011 0.3 -1.0575 -0.315011 0.345 -1.0575 -0.315011 0.345 -1.0575 -0.315011 0.345 1.0575 -0.315011 0.345 1.0575 -0.315011 0.345 1.0575 -0.315011 0.345 0.446443 -0.550017 0.09749996 0.446443 -0.550017 0.09749996 0.446443 -0.550017 0.09749996 0.437783 -0.545016 0.09749996 0.437783 -0.545016 0.09749996 0.437782 -0.535018 0.09749996 0.437782 -0.535018 0.09749996 0.446443 -0.530017 0.09749996 0.446443 -0.530017 0.09749996 0.446443 -0.530017 0.09749996 0.455104 -0.535017 0.09749996 0.455104 -0.535017 0.09749996 0.455104 -0.545015 0.09749996 0.455104 -0.545015 0.09749996 0.446443 -0.550017 0.00999999 0.446443 -0.550017 0.00999999 0.446443 -0.550017 0.00999999 0.437782 -0.545015 0.00999999 0.437782 -0.545015 0.00999999 0.437783 -0.535017 0.00999999 0.437783 -0.535017 0.00999999 0.446443 -0.530017 0.00999999 0.446443 -0.530017 0.00999999 0.446443 -0.530017 0.00999999 0.455104 -0.535018 0.00999999 0.455104 -0.535018 0.00999999 0.455104 -0.545016 0.00999999 0.455104 -0.545016 0.00999999 0.446443 -0.480517 0.00999999 0.446443 -0.480517 0.00999999 0.446443 -0.480517 0.00999999 0.481419 -0.491882 0.00999999 0.481419 -0.491882 0.00999999 0.503031 -0.52163 0.00999999 0.503031 -0.52163 0.00999999 0.50303 -0.558405 0.00999999 0.50303 -0.558405 0.00999999 0.481422 -0.588149 0.00999999 0.481422 -0.588149 0.00999999 0.446443 -0.599517 0.00999999 0.446443 -0.599517 0.00999999 0.446443 -0.599517 0.00999999 0.411467 -0.588151 0.00999999 0.411467 -0.588151 0.00999999 0.389855 -0.558403 0.00999999 0.389855 -0.558403 0.00999999 0.389856 -0.521628 0.00999999 0.389856 -0.521628 0.00999999 0.411465 -0.491884 0.00999999 0.411465 -0.491884 0.00999999 0.446443 -0.480517 0 0.446443 -0.480517 0 0.446443 -0.480517 0 0.481422 -0.491884 0 0.481422 -0.491884 0 0.50303 -0.521628 0 0.50303 -0.521628 0 0.503031 -0.558403 0 0.503031 -0.558403 0 0.481419 -0.588151 0 0.481419 -0.588151 0 0.446443 -0.599517 0 0.446443 -0.599517 0 0.446443 -0.599517 0 0.411465 -0.588149 0 0.411465 -0.588149 0 0.389856 -0.558405 0 0.389856 -0.558405 0 0.389855 -0.52163 0 0.389855 -0.52163 0 0.411467 -0.491882 0 0.411467 -0.491882 0 1.0575 -0.315011 0.3 1.0575 -0.315011 0.3 1.0575 -0.315011 0.3 -0.485115 -0.585013 0.09749996 -0.485115 -0.585013 0.09749996 -0.485115 -0.585013 0.09749996 -0.485115 -0.495021 0.09749996 -0.485115 -0.495021 0.09749996 -0.485115 -0.495021 0.09749996 -0.440119 -0.550017 0.09749996 -0.440119 -0.550017 0.09749996 -0.440119 -0.550017 0.09749996 -0.448779 -0.545016 0.09749996 -0.448779 -0.545016 0.09749996 -0.44878 -0.535018 0.09749996 -0.44878 -0.535018 0.09749996 -0.440119 -0.530017 0.09749996 -0.440119 -0.530017 0.09749996 -0.440119 -0.530017 0.09749996 -0.431458 -0.535017 0.09749996 -0.431458 -0.535017 0.09749996 -0.431457 -0.545015 0.09749996 -0.431457 -0.545015 0.09749996 -0.440119 -0.550017 0.00999999 -0.440119 -0.550017 0.00999999 -0.440119 -0.550017 0.00999999 -0.44878 -0.545015 0.00999999 -0.44878 -0.545015 0.00999999 -0.448779 -0.535017 0.00999999 -0.448779 -0.535017 0.00999999 -0.440119 -0.530017 0.00999999 -0.440119 -0.530017 0.00999999 -0.440119 -0.530017 0.00999999 -0.431457 -0.535018 0.00999999 -0.431457 -0.535018 0.00999999 -0.431458 -0.545016 0.00999999 -0.431458 -0.545016 0.00999999 -0.440119 -0.480517 0.00999999 -0.440119 -0.480517 0.00999999 -0.440119 -0.480517 0.00999999 -0.405142 -0.491882 0.00999999 -0.405142 -0.491882 0.00999999 -0.383531 -0.52163 0.00999999 -0.383531 -0.52163 0.00999999 -0.383531 -0.558405 0.00999999 -0.383531 -0.558405 0.00999999 -0.40514 -0.588149 0.00999999 -0.40514 -0.588149 0.00999999 -0.440119 -0.599517 0.00999999 -0.440119 -0.599517 0.00999999 -0.440119 -0.599517 0.00999999 -0.475095 -0.588151 0.00999999 -0.475095 -0.588151 0.00999999 -0.496706 -0.558403 0.00999999 -0.496706 -0.558403 0.00999999 -0.496706 -0.521628 0.00999999 -0.496706 -0.521628 0.00999999 -0.475097 -0.491884 0.00999999 -0.475097 -0.491884 0.00999999 -0.440119 -0.480517 0 -0.440119 -0.480517 0 -0.440119 -0.480517 0 -0.40514 -0.491884 0 -0.40514 -0.491884 0 -0.383531 -0.521628 0 -0.383531 -0.521628 0 -0.383531 -0.558403 0 -0.383531 -0.558403 0 -0.405142 -0.588151 0 -0.405142 -0.588151 0 -0.440119 -0.599517 0 -0.440119 -0.599517 0 -0.440119 -0.599517 0 -0.475097 -0.588149 0 -0.475097 -0.588149 0 -0.496706 -0.558405 0 -0.496706 -0.558405 0 -0.496706 -0.52163 0 -0.496706 -0.52163 0 -0.475095 -0.491882 0 -0.475095 -0.491882 0 -1.170013 -0.00999999 0.00999999 -1.170013 -0.00999999 0.00999999 -1.170013 -0.00999999 0.00999999 -1.178674 -0.004997968 0.00999999 -1.178674 -0.004997968 0.00999999 -1.178673 0.004999995 0.00999999 -1.178673 0.004999995 0.00999999 -1.170013 0.00999999 0.00999999 -1.170013 0.00999999 0.00999999 -1.170013 0.00999999 0.00999999 -1.161352 0.004997968 0.00999999 -1.161352 0.004997968 0.00999999 -1.161352 -0.004999995 0.00999999 -1.161352 -0.004999995 0.00999999 -1.170013 0.05949997 0.00999999 -1.170013 0.05949997 0.00999999 -1.170013 0.05949997 0.00999999 -1.135037 0.04813396 0.00999999 -1.135037 0.04813396 0.00999999 -1.113425 0.01838696 0.00999999 -1.113425 0.01838696 0.00999999 -1.113426 -0.01838898 0.00999999 -1.113426 -0.01838898 0.00999999 -1.135034 -0.04813295 0.00999999 -1.135034 -0.04813295 0.00999999 -1.170013 -0.05949997 0.00999999 -1.170013 -0.05949997 0.00999999 -1.170013 -0.05949997 0.00999999 -1.204989 -0.04813396 0.00999999 -1.204989 -0.04813396 0.00999999 -1.226601 -0.01838696 0.00999999 -1.226601 -0.01838696 0.00999999 -1.2266 0.01838898 0.00999999 -1.2266 0.01838898 0.00999999 -1.204991 0.04813295 0.00999999 -1.204991 0.04813295 0.00999999 -1.170013 0.05949997 0 -1.170013 0.05949997 0 -1.170013 0.05949997 0 -1.135034 0.04813295 0 -1.135034 0.04813295 0 -1.113426 0.01838898 0 -1.113426 0.01838898 0 -1.113425 -0.01838696 0 -1.113425 -0.01838696 0 -1.135037 -0.04813396 0 -1.135037 -0.04813396 0 -1.170013 -0.05949997 0 -1.170013 -0.05949997 0 -1.170013 -0.05949997 0 -1.204991 -0.04813295 0 -1.204991 -0.04813295 0 -1.2266 -0.01838898 0 -1.2266 -0.01838898 0 -1.226601 0.01838696 0 -1.226601 0.01838696 0 -1.204989 0.04813396 0 -1.204989 0.04813396 0 1.173 -0.1554999 0.388 1.173 -0.1554999 0.388 1.173 -0.1554999 0.388 1.173 -0.1554999 0.302 1.173 -0.1554999 0.302 1.173 -0.1554999 0.302 1.173 -0.06949996 0.388 1.173 -0.06949996 0.388 1.173 -0.06949996 0.388 1.173 -0.06949996 0.302 1.173 -0.06949996 0.302 1.173 -0.06949996 0.302 1.173 -0.15375 0.30375 1.173 -0.15375 0.30375 1.173 -0.15375 0.30375 1.173 -0.07124996 0.30375 1.173 -0.07124996 0.30375 1.173 -0.07124996 0.30375 1.173 -0.07124996 0.38625 1.173 -0.07124996 0.38625 1.173 -0.07124996 0.38625 1.173 -0.15375 0.38625 1.173 -0.15375 0.38625 1.173 -0.15375 0.38625 1.1845 -0.15375 0.38625 1.1845 -0.15375 0.38625 1.1845 -0.15375 0.38625 1.1845 -0.15375 0.30375 1.1845 -0.15375 0.30375 1.1845 -0.15375 0.30375 1.1845 -0.07124996 0.38625 1.1845 -0.07124996 0.38625 1.1845 -0.07124996 0.38625 1.1845 -0.07124996 0.30375 1.1845 -0.07124996 0.30375 1.1845 -0.07124996 0.30375 1.1845 -0.07249999 0.345 1.1845 -0.07249999 0.345 1.1845 -0.07249999 0.345 1.1845 -0.08421897 0.373287 1.1845 -0.08421897 0.373287 1.1845 -0.112502 0.385 1.1845 -0.112502 0.385 1.1845 -0.140779 0.373289 1.1845 -0.140779 0.373289 1.1845 -0.1525 0.345 1.1845 -0.1525 0.345 1.1845 -0.1525 0.345 1.1845 -0.140781 0.316713 1.1845 -0.140781 0.316713 1.1845 -0.112498 0.305 1.1845 -0.112498 0.305 1.1845 -0.084221 0.316711 1.1845 -0.084221 0.316711 1.202 -0.1525 0.345 1.202 -0.1525 0.345 1.202 -0.1525 0.345 1.202 -0.1525 0.345 1.202 -0.1525 0.345 1.202 -0.07249999 0.345 1.202 -0.07249999 0.345 1.202 -0.07249999 0.345 1.202 -0.07249999 0.345 1.202 -0.07249999 0.345 1.202 -0.084221 0.373289 1.202 -0.084221 0.373289 1.202 -0.112498 0.385 1.202 -0.112498 0.385 1.202 -0.140781 0.373287 1.202 -0.140781 0.373287 1.202 -0.07249999 0.4041 1.202 -0.07249999 0.4041 1.202 -0.07249999 0.4041 1.202 -0.1525 0.4041 1.202 -0.1525 0.4041 1.202 -0.1525 0.4041 1.2101 -0.07249999 0.4041 1.2101 -0.07249999 0.4041 1.2101 -0.07249999 0.4041 1.2101 -0.07249999 0.4041 1.202 -0.07249999 0.305 1.202 -0.07249999 0.305 1.202 -0.07249999 0.305 1.2931 -0.07249999 0.305 1.2931 -0.07249999 0.305 1.2931 -0.07249999 0.305 1.2931 -0.07249999 0.4041 1.2931 -0.07249999 0.4041 1.2931 -0.07249999 0.4041 1.2931 -0.1525 0.4041 1.2931 -0.1525 0.4041 1.2931 -0.1525 0.4041 1.2101 -0.1525 0.4041 1.2101 -0.1525 0.4041 1.2101 -0.1525 0.4041 1.2101 -0.1525 0.4041 1.2101 -0.1554999 0.4041 1.2101 -0.1554999 0.4041 1.2101 -0.1554999 0.4041 1.2961 -0.1554999 0.4041 1.2961 -0.1554999 0.4041 1.2961 -0.1554999 0.4041 1.2961 -0.06949996 0.4041 1.2961 -0.06949996 0.4041 1.2961 -0.06949996 0.4041 1.2101 -0.06949996 0.4041 1.2101 -0.06949996 0.4041 1.2101 -0.06949996 0.4041 1.2931 -0.1525 0.305 1.2931 -0.1525 0.305 1.2931 -0.1525 0.305 1.202 -0.1125 0.305 1.202 -0.1125 0.305 1.202 -0.1125 0.305 1.202 -0.1125 0.305 1.202 -0.1525 0.305 1.202 -0.1525 0.305 1.202 -0.1525 0.305 1.202 -0.140785 0.316716 1.202 -0.140785 0.316716 1.202 -0.08421599 0.316715 1.202 -0.08421599 0.316715 1.2101 -0.06949996 0.6671 1.2101 -0.06949996 0.6671 1.2101 -0.06949996 0.6671 1.2101 -0.1554999 0.6671 1.2101 -0.1554999 0.6671 1.2101 -0.1554999 0.6671 1.2961 -0.06949996 0.6671 1.2961 -0.06949996 0.6671 1.2961 -0.06949996 0.6671 1.2961 -0.1554999 0.6671 1.2961 -0.1554999 0.6671 1.2961 -0.1554999 0.6671 -0.855015 0.224985 0.799025 -0.855015 0.224985 0.799025 0.854989 0.224985 0.4143 0.854989 0.224985 0.4143 -0.855015 0.224985 0.4593 -0.855015 0.224985 0.4593 0.854989 0.224985 0.4593 0.854989 0.224985 0.4593 -0.855015 0.224985 0.754025 -0.855015 0.224985 0.754025 -0.855015 0.224985 0.4143 -0.855015 0.224985 0.4143 0.854989 0.224985 0.754025 0.854989 0.224985 0.754025 0.854989 0.224985 0.799025 0.854989 0.224985 0.799025</float_array>
          <technique_common>
            <accessor source="#clr_link_0_visual-inertia-mesh-positions-array" count="1634" stride="3">
              <param name="X" type="float"/>
              <param name="Y" type="float"/>
              <param name="Z" type="float"/>
            </accessor>
          </technique_common>
        </source>
        <source id="clr_link_0_visual-inertia-mesh-normals">
          <float_array id="clr_link_0_visual-inertia-mesh-normals-array" count="2361">0 0 1 1 0 0 0 -1 -1.83979e-6 0 -1 3.7832e-6 0 0 -1 0 -1 0 -1 0 0 1 5.14337e-6 0 0 1 0 -1 0 0 0 1 -8.95207e-7 1 -8.54365e-6 0 0 1 9.19906e-7 0 1 1.83979e-6 -4.83354e-7 0 -1 0 -1 4.47603e-7 0 0 -1 0 -1 -4.59954e-7 0.7071068 -0.7071068 0 0.7071115 -0.7071021 7.93994e-6 -2.97803e-7 0 -1 -0.7071104 -0.7071032 0 0 1 -4.44864e-5 0 -1 5.55226e-5 0 1 -4.43714e-5 -0.7071107 -0.707103 0 0 1 -4.43716e-5 0 -1 5.55212e-5 6.13287e-7 0 -1 -6.41687e-7 0 -1 0 0 -1 0 -1 2.80328e-7 0 -1 -2.16404e-6 0 -1 -1.83981e-6 0 -1 0 1 6.75789e-6 0 -4.83354e-7 0 -1 0 0 -1 -4.83429e-7 0 -1 0 0 -1 0 0 -1 0 1 -9.458e-7 0 1 -9.19907e-7 0 1 -9.2895e-7 1 -5.33978e-7 0 0 1 -2.75972e-6 0.7071105 -0.7071031 0 0.7071108 -0.7071027 0 -0.7071107 -0.707103 0 0 1 -4.44231e-5 0 -1 5.55927e-5 -0.707107 -0.7071067 7.94142e-6 0 1 -4.4446e-5 0 -1 5.55315e-5 -1 -2.93117e-7 0 4.70353e-7 0 -1 9.40979e-7 0 -1 -5.95662e-7 0 -1 0.7071029 -0.7071107 0 0.7071071 -0.7071065 7.78322e-6 4.40466e-7 0 -1 -2.8498e-7 0 -1 0 -1 -3.67963e-6 0 1 -4.4168e-5 0 -1 5.55325e-5 -0.7071071 -0.7071065 7.94032e-6 0 1 -4.4446e-5 0 1 -4.43618e-5 0 -1 5.55657e-5 5.69625e-7 0 -1 0.7071065 -0.7071071 0 0.7071111 -0.7071024 7.93994e-6 -0.7071107 -0.7071029 0 0 1 -4.4445e-5 0 -1 5.55267e-5 -0.7071114 -0.7071023 4.6708e-7 0 1 -4.45203e-5 0 -1 5.55254e-5 -1 -1.83981e-6 0 -1 4.68988e-6 0 -9.40766e-7 0 -1 -2.978e-7 0 -1 9.40905e-7 0 -1 5.95599e-7 0 -1 0.7071115 -0.7071021 0 -6.77277e-5 1 0 1 -6.7579e-6 0 1 2.43107e-6 0 -4.81226e-7 0 1 -5.81249e-5 -1 5.55237e-5 0 1 0 -1.16508e-5 1 7.89236e-5 -6.8311e-6 1 1.04358e-4 -6.83203e-6 1 1.04357e-4 -6.83648e-6 1 1.04357e-4 8.0767e-5 1 -1.83938e-4 -1.11355e-5 -1 2.45348e-5 1.16508e-5 -1 4.43343e-5 2.88779e-7 0 1 -5.59225e-5 -1 4.45006e-5 0 -1 5.55524e-5 -0.7071075 -0.7071061 7.60843e-6 -1.19093e-5 0 -1 1.76294e-6 0 -1 -5.69626e-7 0 -1 0.7071004 0.7071133 1.48639e-5 0.7071152 0.7070984 -1.8727e-5 0.7071188 0.7070948 -1.71624e-5 0 -1 0 0 -1 0 0.7071068 0.7071068 -1.62604e-7 0.7071104 0.7071032 0 -0.7070921 0.7071215 0 -0.7070915 0.7071221 0 -0.7070928 0.7071208 0 0 -1 0 -0.7071073 0.7071064 0 0.7070777 0.7071359 -3.13811e-5 0.7070775 0.7071362 -3.1602e-5 0.7070771 0.7071365 -3.2005e-5 0 -1 -5.10639e-7 0.7071071 0.7071065 7.96758e-6 0.7071105 0.7071031 0 -0.7070921 0.7071214 -1.4599e-6 -0.7070909 0.7071227 0 -0.7070934 0.7071202 2.02822e-6 0 -1 0 0 -1 1.30241e-7 -0.707107 0.7071066 -7.82675e-6 0.7071076 0.707106 -3.76254e-7 0.7071065 0.7071071 -2.04146e-6 0.7071095 0.7071042 -9.73791e-6 0 -1 0 0.7071068 0.7071068 -7.96757e-6 0.7071068 0.7071067 0 -0.7071083 0.7071053 -1.48977e-6 -0.7071025 0.7071111 0 -0.7071141 0.7070996 2.06931e-6 -0.707107 0.7071067 -7.82675e-6 0.7071023 0.7071113 1.10306e-5 0.707111 0.7071027 -9.41753e-6 0.7071012 0.7071124 1.01104e-5 0 -1 -2.35795e-7 0.7071065 0.7071071 3.25207e-7 0 -1 0 -0.707107 0.7071067 0 -9.49949e-6 1.19396e-6 1 1.02557e-5 5.68107e-7 1 -1.52988e-5 1.99955e-6 1 0.7070989 0.7071148 -4.86113e-5 0.7070984 0.7071152 -5.30686e-5 0.7070974 0.7071163 -5.89589e-5 0 -1 4.96561e-7 0.7071062 0.7071075 7.96757e-6 0.707111 0.7071026 0 0 -1 0 -0.7071107 0.707103 -1.61388e-6 -0.7070918 0.7071219 0 -0.7070956 0.707118 2.25135e-6 -0.707107 0.7071066 -8.13017e-6 0 1 -4.26955e-7 -0.7071141 0.7070995 -1.09648e-5 0 1 -8.44737e-7 -0.7071104 0.7071032 0 5.95605e-7 0 -1 1.83981e-6 0 1 -2.3663e-5 -1 2.52498e-5 -2.34842e-5 -1 -2.38849e-5 -0.8660452 -0.4999659 -3.14787e-6 0.866034 -0.499985 3.92185e-5 0.8661051 -0.499862 -2.26186e-4 -4.76837e-7 -1 1.14702e-5 0.8660526 -0.4999529 5.83753e-6 -1.06394e-5 -1 -2.62035e-5 -9.65595e-6 -1 2.38849e-5 -0.8661016 -0.499868 2.04944e-5 -0.8660531 -0.4999521 -2.22185e-5 -0.8661097 0.499854 2.06567e-5 -0.8661107 -0.4998523 1.83917e-5 -1.07288e-5 -1 -9.37656e-6 -0.8660386 -0.4999774 -2.98674e-5 -0.8660386 0.4999774 2.98674e-5 -0.8661107 0.4998523 -1.83917e-5 -1.07288e-5 1 9.37656e-6 -0.8660531 0.4999521 2.22185e-5 -0.8661097 -0.499854 -2.06567e-5 -0.8661016 0.499868 -2.04944e-5 -1.06394e-5 1 2.62035e-5 -9.65595e-6 1 -2.38849e-5 0.8660526 0.4999529 -5.83753e-6 -2.34842e-5 1 2.38849e-5 -0.8660452 0.4999659 3.14787e-6 -2.3663e-5 1 -2.52498e-5 0.8661053 0.4998616 1.09701e-5 0.8660574 0.4999446 -3.17499e-5 0.8661053 -0.4998617 1.11237e-5 0.8661051 0.499862 2.26186e-4 -4.76837e-7 1 -1.14702e-5 0.866034 0.499985 -3.92185e-5 0.8660574 -0.4999446 3.17499e-5 0.8661053 0.4998617 -1.11237e-5 0.8661053 -0.4998616 -1.09701e-5 -9.40776e-7 0 -1 9.40915e-7 0 -1 -1 -9.37976e-6 0 0 -1 0 0.7072146 0.706999 0 1 1.83979e-6 0 -1 8.54327e-6 0 -0.7072018 0.7070118 1.79114e-4 0.7071123 0.7071013 0 -0.7071068 0.7071068 -7.30981e-6 0.7070194 0.7071943 0 1 2.19836e-7 0 1 0 0 -0.7071107 0.707103 0 -0.7071013 0.7071123 -1.10006e-5 0.7071927 0.7070209 0 -0.7071945 0.707019 1.75457e-4 -1 6.05488e-6 0 1 -2.77854e-6 0 0 1 4.57507e-7 0 1 2.11186e-7 5.6964e-7 0 -1 -1.28166e-6 0 -1 8.81784e-7 0 -1 -1.28167e-6 0 -1 0 1 1.05592e-6 -2.8234e-7 0 1 -1 1.89215e-7 0 0 1 -1.05592e-6 8.81797e-7 0 -1 -1.28184e-6 0 -1 0 1 2.32839e-7 0 1 2.11186e-7 -1 -8.7284e-7 0 -1 -2.94442e-5 0 -1 5.41264e-6 0 -9.40894e-7 0 1 -1 3.0272e-6 0 -1.78218e-5 -1 -1.45078e-5 -1.75536e-5 -1 -1.67795e-4 -0.8660421 -0.4999711 -2.95639e-5 0.8660371 -0.4999798 -1.43798e-5 0.8661091 -0.499855 -2.45273e-5 7.48038e-6 -1 -2.81818e-5 0.866043 -0.4999696 3.27863e-5 1.90437e-5 -1 1.31952e-5 1.91629e-5 -1 2.38869e-5 -0.8661065 -0.4998596 -1.32965e-5 -0.8660352 -0.4999831 -1.79045e-5 -0.8661035 0.4998648 -7.58097e-6 -0.866111 -0.4998519 2.47628e-5 -1.09077e-5 -1 2.49632e-5 -0.8660387 -0.499977 1.57767e-5 -0.8660429 0.4999699 -1.64355e-5 -0.866115 0.4998448 -2.47677e-5 -1.91331e-5 1 -2.31191e-5 -0.8660352 0.4999831 1.79046e-5 -0.8661035 -0.4998648 7.58097e-6 -0.8661065 0.4998596 1.32966e-5 -2.06828e-5 1 -1.39094e-5 -2.04742e-5 1 -2.38849e-5 0.866047 0.4999625 -3.09534e-5 2.22325e-5 1 2.38869e-5 -0.8660461 0.4999641 2.77236e-5 2.18451e-5 1 1.51623e-5 0.8661021 0.4998671 -1.35915e-5 0.8660539 0.4999507 -1.81971e-5 0.8661088 -0.4998555 -7.87154e-6 0.8661131 0.4998481 1.69383e-4 1.57058e-5 1 2.72579e-5 0.8660414 0.4999724 1.60196e-5 0.8660539 -0.4999507 1.81971e-5 0.8661088 0.4998555 7.87154e-6 0.8661021 -0.4998671 1.35915e-5 5.87701e-7 0 1 0 0 1 0 0 1 -3.92105e-7 0 1 0 0 1 0 0 1 -2.18153e-5 1 -9.29743e-6 -2.18153e-5 1 -1.47634e-5 0.5878529 0.8089678 1.75759e-5 -0.5878502 0.8089698 1.49371e-5 -0.5878891 0.8089416 1.39254e-5 -2.29124e-5 1 -2.62856e-5 -0.5878213 0.808991 -1.87606e-5 1.32024e-5 1 9.88688e-6 1.32024e-5 1 1.47634e-5 0.5878803 0.808948 1.9223e-5 0.58784 0.8089773 6.42856e-5 0.9510511 0.3090337 2.08914e-5 0.587883 0.808946 -1.56865e-4 1.39661e-5 1 1.77771e-5 0.5878422 0.8089758 2.17045e-5 0.9510476 -0.3090444 -7.99447e-6 0.9510477 0.3090444 2.21512e-5 0.9510477 -0.3090444 -1.2144e-5 0.9510449 0.309053 -4.62953e-5 0.5878625 0.8089609 1.98558e-5 0.9510591 0.309009 -6.15771e-6 0.9510477 -0.3090444 -2.21512e-5 0.9510477 0.3090444 1.2144e-5 0.9510476 0.3090444 7.99447e-6 0.9510597 -0.3090074 -3.47859e-6 0.9510447 -0.3090535 -9.66671e-5 0.5878632 -0.8089604 2.71648e-5 0 0 1 0.587823 -0.8089896 -2.13229e-5 0.5878644 -0.8089596 2.37191e-5 -9.35234e-6 -1 -1.81496e-5 0.5878405 -0.808977 -5.99834e-5 0.951051 -0.3090339 -1.60336e-5 0.5878795 -0.8089486 -1.49289e-5 -1.22488e-5 -1 -9.70268e-6 -1.22488e-5 -1 -1.47634e-5 -0.5878418 -0.8089759 1.83955e-5 3.57628e-6 -1 1.47634e-5 0.5878347 -0.8089811 -1.73673e-5 3.57628e-6 -1 9.07639e-6 -0.5878778 -0.8089498 1.49288e-5 -0.5878387 -0.8089783 5.99833e-5 -0.9510504 -0.3090362 1.61007e-5 -0.5878705 -0.8089551 3.03402e-5 4.67524e-7 -1 2.66731e-5 -0.5878311 -0.8089838 -1.53855e-5 -0.9510476 0.3090444 -7.99447e-6 -0.9510477 -0.3090444 2.21512e-5 -0.9510477 0.3090444 -1.2144e-5 -0.9510443 -0.3090546 -3.66578e-5 -0.5878622 -0.8089612 -2.71723e-5 -0.9510594 -0.3090084 3.47859e-6 -0.9510477 0.3090444 -2.21512e-5 -0.9510477 -0.3090444 1.2144e-5 -0.9510476 -0.3090444 7.99447e-6 -0.9510588 0.30901 6.15772e-6 -0.9510445 0.309054 1.87807e-6 -0.5878615 0.8089616 -1.98632e-5 -0.5878381 0.8089786 -6.42855e-5 -0.9510504 0.3090361 -2.0884e-5 -0.5878784 0.8089494 -1.92229e-5 0.8660366 -0.4999807 -6.15528e-6 0.8661084 -0.4998562 -1.65784e-5 5.99027e-6 -1 -2.35811e-5 0.8660455 -0.4999652 3.27863e-5 2.33948e-5 -1 1.31952e-5 -2.37525e-5 -1 2.38888e-5 -0.8661022 -0.499867 -1.32965e-5 -0.8660542 -0.4999503 -1.7902e-5 -0.8661085 0.499856 -7.57724e-6 -0.8660542 0.4999503 1.79021e-5 -0.8661085 -0.499856 7.57724e-6 -0.8661022 0.499867 1.32966e-5 -1.64211e-5 1 -1.39094e-5 -1.56164e-5 1 -2.38849e-5 0.8660496 0.4999581 -3.0946e-5 0.8661053 0.4998616 -2.33293e-5 0.8660574 0.4999446 -2.79356e-5 0.8661053 -0.4998617 -1.7602e-5 0.8661124 0.4998492 1.65827e-5 1.41263e-5 1 2.17333e-5 0.8660406 0.4999736 6.87267e-6 0.8660574 -0.4999446 2.79356e-5 0.8661053 0.4998617 1.7602e-5 0.8661053 -0.4998616 2.33293e-5 0 0 1 -3.92026e-7 0 1 0 0 1 0 0 1 -1.32024e-5 1 -9.88688e-6 -1.32024e-5 1 -1.47634e-5 0.5878213 0.808991 1.87606e-5 0.5878618 0.8089614 -1.01531e-5 0.5878218 0.8089905 -4.20498e-6 0.951059 0.3090096 -1.56388e-5 0.5878816 0.808947 -9.85107e-5 1.32956e-5 1 -1.45286e-6 0.5878425 0.8089755 -1.25835e-5 0.9510539 -0.3090253 -5.46873e-6 0.9510563 0.3090178 1.18514e-4 0.951039 -0.3090709 -4.67967e-6 0.9510514 0.3090332 4.69424e-5 0.5878799 0.8089483 4.30644e-6 0.9510512 0.3090335 2.88148e-6 0.9510563 -0.3090178 -1.18514e-4 0.951039 0.3090709 4.67967e-6 0.9510539 0.3090253 5.46873e-6 0.9510513 -0.309033 -2.84463e-6 0.9510514 -0.3090326 -4.69423e-5 0.5878804 -0.8089479 -4.35859e-6 0 0 1 0.5878244 -0.8089886 3.39463e-6 0.5878622 -0.8089612 1.6547e-7 -9.83849e-6 -1 -8.46386e-6 0.5878219 -0.8089904 3.68923e-6 0.9510589 -0.3090096 1.56164e-5 0.5878617 -0.8089615 9.62926e-6 1.22488e-5 -1 1.47634e-5 0.5878418 -0.8089759 -1.83955e-5 1.22488e-5 -1 9.70268e-6 -0.5878595 -0.8089632 1.53329e-5 -0.5878204 -0.8089916 5.99826e-5 -0.9510581 -0.3090122 1.54674e-5 -0.9510539 0.3090253 -5.46873e-6 -0.9510563 -0.3090178 1.18514e-4 -0.951039 0.3090709 -4.67967e-6 -0.9510452 -0.309052 4.69418e-5 -0.5878639 -0.8089598 4.89503e-6 -0.9510598 -0.3090068 2.4709e-6 -0.9510563 0.3090178 -1.18514e-4 -0.951039 -0.3090709 4.67967e-6 -0.9510539 -0.3090253 5.46873e-6 -0.9510595 0.309008 2.34746e-6 -0.9510452 0.3090521 -4.21233e-5 -0.5878635 0.8089602 0 -0.5878198 0.8089919 -6.42847e-5 -0.9510582 0.309012 -2.02432e-5 -0.5878602 0.8089627 -1.95901e-5 -5.9607e-6 0 -1 5.96744e-6 0 -1 1.61231e-5 -1 2.5733e-5 1.46627e-5 -1 -2.38908e-5 -0.8660503 -0.4999572 -4.62681e-6 0.8660367 -0.4999805 2.52965e-5 0.8661085 -0.499856 -2.51352e-5 6.4373e-6 -1 -4.18723e-6 0.8660383 -0.4999776 8.06898e-6 1.06692e-5 -1 -2.71594e-5 9.83477e-6 -1 2.38869e-5 -0.8661016 -0.499868 2.6262e-5 -0.8660531 -0.4999521 -1.81656e-5 -0.8661097 0.4998541 1.6924e-5 -0.8661101 -0.4998534 2.40913e-4 -9.65595e-6 -1 7.41333e-7 -0.8660385 -0.4999775 -2.39244e-5 -0.8660432 0.4999694 2.32258e-5 -0.8661149 0.499845 -2.51227e-5 -1.89543e-5 1 1.09896e-6 -0.8660531 0.4999521 1.81656e-5 -0.8661097 -0.4998541 -1.6924e-5 -0.8661016 0.499868 -2.62593e-5 1.99974e-5 1 2.63801e-5 1.92523e-5 1 -2.3883e-5 0.8660431 0.4999695 -6.23986e-6 5.27501e-6 1 2.38868e-5 -0.8660549 0.4999492 2.79769e-6 6.85453e-6 1 -2.50135e-5 0.8661105 0.4998529 2.62594e-5 0.8660392 0.4999762 -1.62025e-4 0.8661234 -0.4998301 1.69277e-5 0.8661132 0.499848 2.51256e-5 1.5825e-5 1 2.34321e-6 0.8660413 0.4999725 -2.45981e-5 0.8660392 -0.4999762 1.62025e-4 0.8661234 0.4998301 -1.69277e-5 0.8661105 -0.4998529 -2.6262e-5 0 0 1 7.83706e-7 0 1 0 0 1 0 0 1 0 0 1 0 0 1 0 0 1 0 0 1 -2.0802e-5 1 -9.26059e-6 -2.0802e-5 1 -1.47634e-5 0.5878151 0.8089954 1.75312e-5 -0.5878505 0.8089697 1.69301e-5 -0.5878892 0.8089415 1.04789e-4 -2.31024e-5 1 -2.63751e-5 -0.5878213 0.808991 -1.87457e-5 1.31428e-5 1 9.88688e-6 1.31428e-5 1 1.47634e-5 0 0 1 0.5878792 0.8089488 7.85023e-6 0.5878403 0.8089771 5.2811e-5 0.951051 0.3090343 7.93487e-6 0.5878801 0.808948 -1.52357e-5 1.17552e-5 1 2.8111e-5 0.5878415 0.8089762 -1.69875e-5 0.9510477 -0.3090444 -7.38353e-6 0.9510477 0.3090444 2.22249e-5 0.9510477 -0.3090444 -1.15592e-5 0.9510438 0.3090563 4.05846e-6 0.5878604 0.8089625 2.53543e-5 0.9510586 0.3090108 -3.06591e-7 0.9510477 -0.3090444 -2.22249e-5 0.9510477 0.3090444 1.15592e-5 0.9510477 0.3090444 7.38353e-6 0.9510586 -0.3090106 -2.95684e-7 0.9510437 -0.3090564 -4.6608e-6 0.5878604 -0.8089625 -2.59504e-5 0 0 1 0.5878236 -0.8089891 1.72242e-5 0.5878623 -0.8089611 1.52527e-5 -1.0388e-5 -1 2.83197e-5 0.5878402 -0.8089771 -5.25099e-5 0.9510509 -0.3090344 -7.62939e-6 0.5878791 -0.8089489 -7.54909e-6 -1.27256e-5 -1 -9.70268e-6 -1.27256e-5 -1 -1.47634e-5 -0.5878421 -0.8089757 1.84625e-5 5.03659e-6 -1 1.47634e-5 0.587836 -0.8089802 -1.7181e-5 5.03659e-6 -1 9.0027e-6 -0.5878791 -0.8089489 7.5491e-6 -0.5878403 -0.8089771 5.25099e-5 -0.951051 -0.3090343 7.6294e-6 -0.5878714 -0.8089545 -1.04191e-4 -9.35048e-7 -1 2.72915e-5 -0.5878326 -0.8089826 -1.6528e-5 -0.9510477 0.3090444 -7.38353e-6 -0.9510477 -0.3090444 2.22249e-5 -0.9510477 0.3090444 -1.15592e-5 -0.9510437 -0.3090564 4.6608e-6 -0.5878604 -0.8089625 2.59504e-5 -0.9510586 -0.3090106 2.95684e-7 -0.9510477 0.3090444 -2.22249e-5 -0.9510477 -0.3090444 1.15592e-5 -0.9510477 -0.3090444 7.38353e-6 -0.9510586 0.3090108 3.06591e-7 -0.9510438 0.3090563 -4.05846e-6 -0.5878604 0.8089625 -2.53543e-5 -0.5878402 0.8089771 -5.2811e-5 -0.951051 0.3090344 -7.86781e-6 -0.5878791 0.8089489 -7.85023e-6 0.8660368 -0.4999803 -7.07696e-6 0.8661084 -0.4998564 -1.74999e-5 6.16908e-6 -1 -2.45012e-5 -0.8661022 -0.499867 -1.35351e-5 -0.8660542 -0.4999503 -1.79023e-5 -0.8661085 0.499856 -7.41333e-6 -0.8661108 -0.4998522 2.6606e-5 -1.12057e-5 -1 2.68221e-5 -0.866039 -0.4999764 1.75009e-5 -0.8660542 0.4999503 1.79021e-5 -0.8661086 -0.499856 7.4096e-6 -0.8661022 0.4998671 1.35349e-5 0.8661053 0.4998616 -2.35677e-5 0.8661053 -0.4998617 -1.74344e-5 0.8660575 -0.4999447 2.79356e-5 0.8661053 0.4998617 1.74306e-5 0.8661053 -0.4998617 2.35677e-5 5.87819e-7 0 1 0 0 1 0 0 1 -3.92066e-7 0 1 0 0 1 0 0 1 -0.5878493 0.8089705 1.51483e-5 -0.5878887 0.8089419 1.47457e-4 -2.2009e-5 1 -2.62857e-5 0.5878604 0.8089625 -1.92655e-5 0.5878224 0.80899 1.19946e-4 0.9510587 0.3090104 -2.51979e-5 0.5878803 0.808948 4.42846e-5 1.26604e-5 1 8.07643e-6 0.5878426 0.8089753 -3.16142e-6 0.9510539 -0.3090253 -4.15742e-6 0.951039 -0.3090709 -3.42707e-6 0.9510515 0.3090325 4.79735e-5 0.5878809 0.8089476 4.30644e-6 0.9510516 0.3090322 3.85562e-6 0.951039 0.3090709 3.42707e-6 0.9510539 0.3090253 4.15742e-6 0.9510514 -0.3090327 9.62893e-7 0.9510517 -0.309032 -4.3155e-5 0.5878807 -0.8089478 5.1409e-7 0.5878241 -0.8089888 3.60569e-6 0.5878624 -0.808961 3.86448e-7 -9.92976e-6 -1 -8.47876e-6 0.5878214 -0.8089908 4.76706e-5 0.9510586 -0.3090106 1.55717e-5 0.5878608 -0.8089622 9.10531e-6 -1.30236e-5 -1 -9.70268e-6 -1.30236e-5 -1 -1.47634e-5 -0.5878424 -0.8089755 1.8388e-5 1.30236e-5 -1 1.47634e-5 0.5878424 -0.8089755 -1.8388e-5 1.30236e-5 -1 9.70268e-6 -0.5878584 -0.8089638 1.57832e-5 -0.5878198 -0.808992 6.04983e-5 -0.9510579 -0.3090132 1.54376e-5 -0.5878699 -0.8089556 3.97518e-5 3.25963e-7 -1 -2.04295e-5 -0.5878319 -0.8089832 -5.92606e-6 -0.9510539 0.3090253 -4.15742e-6 -0.951039 0.3090709 -3.42707e-6 -0.9510451 -0.309052 -8.53518e-5 -0.5878644 -0.8089596 4.93973e-6 -0.9510602 -0.309006 3.48204e-6 -0.951039 -0.3090709 3.42707e-6 -0.9510539 -0.3090253 4.15742e-6 -0.9510602 0.309006 -3.48204e-6 -0.9510451 0.309052 8.53518e-5 -0.5878644 0.8089596 -4.93973e-6 -0.5878204 0.8089916 -5.51648e-5 -0.9510579 0.3090128 -1.06171e-5 -0.5878585 0.8089638 -1.04782e-5 0.8660374 -0.4999794 -1.53014e-5 0.8661091 -0.4998551 -2.54488e-5 7.6592e-6 -1 -2.91094e-5 -0.8661065 -0.4998596 -1.35351e-5 -0.8660352 -0.4999831 -1.79048e-5 -0.8661035 0.4998648 -7.41333e-6 -0.8660352 0.4999832 1.79045e-5 -0.8661035 -0.4998647 7.4096e-6 -0.8661065 0.4998596 1.35348e-5 0.8661021 0.4998671 -1.38299e-5 0.8660539 0.4999507 -1.81971e-5 0.8661088 -0.4998555 -7.7039e-6 0.8660539 -0.4999508 1.81972e-5 0.8661089 0.4998555 7.70018e-6 0.8661022 -0.4998672 1.383e-5 0 0 1 0 0 1 0 0 1 0 0 1 0.5878787 0.8089491 1.01109e-5 0.5878406 0.8089769 5.51655e-5 0.9510509 0.3090345 1.11908e-5 0.5878825 0.8089464 -1.57086e-4 1.31018e-5 1 1.78516e-5 0.5878412 0.8089764 2.15301e-5 0.9510477 -0.3090444 -6.66082e-6 0.9510477 -0.3090444 -1.08914e-5 0.9510447 0.3090533 9.76246e-5 0.5878636 0.80896 -2.72095e-5 0.9510599 0.3090065 4.52638e-6 0.9510477 0.3090444 1.08914e-5 0.9510477 0.3090444 6.66082e-6 0.9510596 -0.3090077 5.11001e-6 0.951045 -0.3090524 -8.79875e-5 0.5878634 -0.8089602 -1.98558e-5 0.5878239 -0.808989 1.6183e-5 0.5878638 -0.8089599 1.43077e-5 -9.22382e-6 -1 -2.77981e-5 0.5878395 -0.8089776 -6.5317e-5 0.9510508 -0.3090347 -2.08989e-5 0.5878792 -0.8089488 -2.02341e-5 4.35114e-6 -1 1.47634e-5 0.5878353 -0.8089807 -1.73524e-5 4.38094e-6 -1 9.07639e-6 -0.5878773 -0.8089502 2.02339e-5 -0.5878376 -0.8089789 -6.80279e-5 -0.9510501 -0.309037 2.08244e-5 -0.9510477 0.3090444 -6.66082e-6 -0.9510477 0.3090444 -1.08914e-5 -0.9510447 -0.3090535 8.79875e-5 -0.5878624 -0.8089609 1.98558e-5 -0.9510592 -0.3090088 -5.11002e-6 -0.9510477 -0.3090444 1.08914e-5 -0.9510477 -0.3090444 6.66082e-6 -0.9510596 0.3090076 -4.52636e-6 -0.9510444 0.3090544 -9.76246e-5 -0.5878627 0.8089608 2.7217e-5 -0.5878387 0.8089781 7.8179e-5 -0.9510501 0.3090367 -1.12504e-5 -0.5878769 0.8089506 -1.01108e-5 1.37348e-6 0 1 0 0 1 0 0 1 -1.37258e-6 0 1 0 0 1 0 0 1 1.27852e-5 1 -9.70268e-6 1.2815e-5 1 -1.47634e-5 0.5878422 0.8089756 1.8321e-5 -0.5878505 0.8089696 2.06488e-5 -0.5878893 0.8089414 1.43183e-5 -2.32719e-5 1 -7.71135e-6 -0.5878422 0.8089756 -1.8321e-5 -1.27852e-5 1 9.70268e-6 -1.2815e-5 1 1.47634e-5 0.5878812 0.8089475 9.0492e-6 0.5878422 0.8089756 1.9478e-4 0.9510515 0.3090327 -2.40505e-5 0.587883 0.8089461 1.21116e-4 1.54842e-5 1 -2.13981e-5 0.5878441 0.8089743 -2.07009e-5 0.9510546 -0.3090228 -9.88692e-6 0.9510554 0.3090204 -5.85389e-5 0.9510399 -0.3090684 -9.76308e-6 0.951038 0.3090742 5.28644e-5 0.5878844 0.8089451 9.05991e-6 0.9510529 0.3090285 8.88173e-6 0.9510554 -0.3090204 5.85389e-5 0.9510399 0.3090684 9.76307e-6 0.9510546 0.3090228 9.88692e-6 0.9510529 -0.3090285 -8.88173e-6 0.951038 -0.3090742 -5.28644e-5 0.5878844 -0.8089451 -9.05991e-6 0.5878441 -0.8089743 2.07009e-5 0.587883 -0.8089461 -1.21116e-4 1.54842e-5 -1 2.13981e-5 0.5878422 -0.8089756 -1.9478e-4 0.9510515 -0.3090327 2.40505e-5 0.5878812 -0.8089475 -9.0492e-6 -1.27852e-5 -1 -9.70268e-6 -1.2815e-5 -1 -1.47634e-5 -0.5878422 -0.8089756 1.8321e-5 1.2815e-5 -1 1.47634e-5 0.5878422 -0.8089756 -1.8321e-5 1.27852e-5 -1 9.70268e-6 -0.5878813 -0.8089472 -4.90188e-6 -0.5878425 -0.8089755 8.86816e-5 -0.9510517 -0.3090322 1.54898e-5 -0.5878893 -0.8089414 -1.43183e-5 -2.32719e-5 -1 7.71135e-6 -0.5878505 -0.8089696 -2.06488e-5 -0.9510546 0.3090228 -9.88692e-6 -0.9510554 -0.3090204 -5.85389e-5 -0.9510399 0.3090684 -9.76308e-6 -0.9510439 -0.3090563 5.28651e-5 -0.5878604 -0.8089625 9.80496e-6 -0.9510587 -0.3090106 8.47115e-6 -0.9510554 0.3090204 5.85389e-5 -0.9510399 -0.3090684 9.76307e-6 -0.9510546 -0.3090228 9.88692e-6 -0.9510587 0.3090106 -8.47115e-6 -0.9510439 0.3090563 -5.28651e-5 -0.5878604 0.8089625 -9.80496e-6 -0.5878425 0.8089755 -8.86816e-5 -0.9510517 0.3090322 -1.54898e-5 -0.5878813 0.8089472 4.90188e-6 1 -6.45072e-6 0 1 -1.79652e-6 0 1 3.58993e-6 0 1 -3.59209e-6 0 1 3.5921e-6 0 1 1.79652e-6 0 -1.7823e-5 1 4.44055e-6 1.82839e-5 1 4.44055e-6 -2.64943e-5 0.7070188 0.7071948 -2.8352e-5 0.7070924 -0.7071213 4.80174e-5 0.7069908 -0.7072228 4.67896e-6 1 3.06219e-6 -3.20971e-5 0.7071026 -0.7071111 1.29852e-5 1 1.74344e-5 -1.82818e-5 1 1.75238e-5 -2.17551e-5 0.7069621 0.7072514 -5.65108e-5 0.7070301 0.7071835 2.51383e-5 -3.74019e-5 1 5.48864e-5 0.7069911 0.7072225 1.53482e-5 1 -3.63588e-6 -2.70586e-5 0.7070248 0.7071888 1.98502e-5 6.71744e-5 1 9.97887e-5 -2.8401e-5 1 2.86251e-5 -0.7069743 0.7072393 -9.97888e-5 3.60006e-5 1 -2.86996e-5 0.7069801 0.7072334 -1.98504e-5 -5.9694e-5 1 2.70591e-5 -0.7070288 0.7071849 -5.48846e-5 -0.7069612 0.7072525 -1.52588e-5 -1 -9.6932e-6 5.65103e-5 -0.7070378 0.7071759 -2.51085e-5 2.55704e-5 1 2.17545e-5 -0.7069697 0.7072439 -1.78231e-5 -1 -3.99351e-6 1.82839e-5 -1 -4.02331e-6 -2.639e-5 -0.7070192 -0.7071943 2.639e-5 -0.7070192 0.7071943 1.78231e-5 -1 3.99351e-6 -1.82839e-5 -1 4.02331e-6 -1.85966e-5 -1.15409e-5 -1 -2.37541e-5 -0.7070296 -0.707184 3.44254e-6 3.69549e-5 -1 1.92588e-5 -0.7071114 -0.7071023 2.61366e-5 -1 -1.76802e-5 9.52258e-6 -0.7070434 -0.7071701 -2.13231e-5 -0.7071177 -0.7070959 -1.2219e-6 -0.7070493 -0.7071644 4.94422e-5 8.58257e-6 -1 1.26686e-5 -1.95205e-5 -1 3.32279e-5 2.88786e-5 -1 -1.53333e-5 0.7069742 -0.7072393 9.52144e-5 0.7071035 -0.7071102 1.56164e-5 1.95727e-5 -1 0 0.706968 -0.7072456 -1 1.07575e-5 0 -1 -3.69387e-6 0 -1 -2.5974e-5 0 0 1 -1.45028e-7 -5.11154e-7 0 -1 1.89512e-5 0 -1</float_array>
          <technique_common>
            <accessor source="#clr_link_0_visual-inertia-mesh-normals-array" count="787" stride="3">
              <param name="X" type="float"/>
              <param name="Y" type="float"/>
              <param name="Z" type="float"/>
            </accessor>
          </technique_common>
        </source>
        <source id="clr_link_0_visual-inertia-mesh-map-0">
          <float_array id="clr_link_0_visual-inertia-mesh-map-0-array" count="7248">0.139328 0.274493 0.154991 0.29338 0.10659 0.391155 0.142304 0.23374 0.10659 0.391155 0.154991 0.29338 0.09110897 0.349322 0.139328 0.274493 0.10659 0.391155 0.05558097 0.264253 0.09110897 0.349322 0.10659 0.391155 0.227044 0.551917 0.05558097 0.264253 0.10659 0.391155 0.218199 0.670106 0.227044 0.551917 0.10659 0.391155 0.218199 0.670106 0.10659 0.391155 0.08182495 0.425805 0.05323499 0.339302 0.08182495 0.425805 0.10659 0.391155 0.142304 0.23374 0.05323499 0.339302 0.10659 0.391155 0.139328 0.09315699 0.154991 0.29338 0.139328 0.274493 0.142304 0.111513 0.142304 0.23374 0.154991 0.29338 0.154991 0.100201 0.142304 0.111513 0.154991 0.29338 0.139328 0.09315699 0.154991 0.100201 0.154991 0.29338 0.1261039 0.214792 0.139328 0.274493 0.09110897 0.349322 0.139328 0.09315699 0.139328 0.274493 0.1261039 0.214792 0.05558097 0.264253 0.05558097 0.232214 0.09110897 0.349322 0.06853801 0.373262 0.09110897 0.349322 0.05558097 0.232214 0.1261039 0.214792 0.09110897 0.349322 0.06853801 0.373262 0.06982499 0.106797 0.05558097 0.232214 0.05558097 0.264253 0.06853801 0.373262 0.05558097 0.232214 0.04033499 0.238834 0.06982499 0.106797 0.04033499 0.238834 0.05558097 0.232214 0.227044 0.551917 0.227044 0.602893 0.05558097 0.264253 0.032736 0.225515 0.05558097 0.264253 0.227044 0.602893 0.05558097 0.30829 0.06982499 0.106797 0.05558097 0.264253 0.05060297 0.243423 0.05558097 0.30829 0.05558097 0.264253 0.05060297 0.243423 0.05558097 0.264253 0.032736 0.225515 0.232023 0.575107 0.227044 0.602893 0.227044 0.551917 0.032736 0.225515 0.227044 0.602893 0.249662 0.724893 0.272267 0.602897 0.249662 0.724893 0.227044 0.602893 0.232023 0.575107 0.227044 0.664433 0.227044 0.602893 0.272267 0.664437 0.227044 0.602893 0.227044 0.664433 0.272267 0.602897 0.227044 0.602893 0.272267 0.664437 0.199752 0.703056 0.227044 0.551917 0.218199 0.670106 0.227044 0.425889 0.232023 0.575107 0.227044 0.551917 0.199752 0.703056 0.227044 0.425889 0.227044 0.551917 0.249662 0.724893 0.06853801 0.373262 0.04033499 0.238834 0.05558097 0.1653749 0.03239196 0.241468 0.04033499 0.238834 0.02932095 0.220704 0.04033499 0.238834 0.03239196 0.241468 0.06982499 0.106797 0.05558097 0.1653749 0.04033499 0.238834 0.03657698 0.218688 0.04033499 0.238834 0.02932095 0.220704 0.249662 0.724893 0.04033499 0.238834 0.03657698 0.218688 0.08182495 0.425805 0.05594795 0.38361 0.06853801 0.373262 0.1261039 0.214792 0.06853801 0.373262 0.05594795 0.38361 0.249662 0.724893 0.08182495 0.425805 0.06853801 0.373262 0.05558097 0.1653749 0.02500897 0.243412 0.03239196 0.241468 0.008737981 0.273721 0.03239196 0.241468 0.02500897 0.243412 0.04379796 0.391592 0.05594795 0.38361 0.03239196 0.241468 0.02185899 0.2163659 0.03239196 0.241468 0.05594795 0.38361 0.011684 0.348067 0.04379796 0.391592 0.03239196 0.241468 0.008737981 0.273721 0.011684 0.348067 0.03239196 0.241468 0.02185899 0.2163659 0.02932095 0.220704 0.03239196 0.241468 0.05558097 0.1653749 0.02500897 0.173645 0.02500897 0.243412 0.008738994 0.1962479 0.02500897 0.243412 0.02500897 0.173645 0.008738994 0.1962479 0.008737981 0.273721 0.02500897 0.243412 0.05060297 0.151695 0.02500897 0.173645 0.05558097 0.1653749 0.974991 0.173645 0.02500897 0.173645 0.05060297 0.151695 0.991266 0.196255 0.008738994 0.1962479 0.02500897 0.173645 0.974991 0.173645 0.991266 0.196255 0.02500897 0.173645 0.06982499 0.106797 0.05558097 0.110825 0.05558097 0.1653749 0.05060297 0.101503 0.05558097 0.1653749 0.05558097 0.110825 0.05060297 0.101503 0.05060297 0.151695 0.05558097 0.1653749 0.06385195 0.09838098 0.05558097 0.110825 0.06982499 0.106797 0.05060297 0.101503 0.05558097 0.110825 0.06385195 0.09838098 0.05558097 0.30829 0.06982499 0.298163 0.06982499 0.106797 0.06385195 0.09838098 0.06982499 0.106797 0.06982499 0.298163 0.05060297 0.28469 0.06982499 0.298163 0.05558097 0.30829 0.06385195 0.276662 0.06982499 0.298163 0.05060297 0.28469 0.06385195 0.09838098 0.06982499 0.298163 0.06385195 0.276662 0.05060297 0.28469 0.05558097 0.30829 0.05060297 0.243423 0.1261039 0.214792 0.05594795 0.38361 0.04379796 0.391592 0.06744897 0.441431 0.02185899 0.2163659 0.05594795 0.38361 0.08182495 0.425805 0.06744897 0.441431 0.05594795 0.38361 0.04379796 0.287909 0.04379796 0.391592 0.011684 0.348067 0.1261039 0.214792 0.04379796 0.391592 0.04379796 0.287909 0.07829999 0.973034 0.011684 0.348067 0.008737981 0.273721 0.991266 0.273728 0.008737981 0.273721 0.011684 0.348067 0.01168596 0.253281 0.011684 0.348067 0.008737981 0.273721 0.07829999 0.973034 0.02296799 0.568021 0.011684 0.348067 0.988317 0.348065 0.011684 0.348067 0.02296799 0.568021 0.988322 0.348057 0.991266 0.273728 0.011684 0.348067 0.988317 0.348065 0.988322 0.348057 0.011684 0.348067 0.04379796 0.287909 0.011684 0.348067 0.01168596 0.253281 0.006222963 0.205042 0.07829999 0.973034 0.008737981 0.273721 0.993778 0.205042 0.006222963 0.205042 0.008737981 0.273721 0.991266 0.273728 0.991263 0.273722 0.008737981 0.273721 0.993778 0.205042 0.008737981 0.273721 0.991263 0.273722 0.01168596 0.253281 0.008737981 0.273721 0.008738994 0.1962479 0.02185899 0.2163659 0.02185899 0.1684319 0.02932095 0.220704 0.02259898 0.222185 0.02932095 0.220704 0.02185899 0.1684319 0.02259898 0.158002 0.03657698 0.218688 0.02932095 0.220704 0.02259898 0.158002 0.02932095 0.220704 0.02259898 0.222185 0.004992961 0.21829 0.02185899 0.1684319 0.02185899 0.2163659 0.004992961 0.169966 0.02185899 0.1684319 0.004992961 0.21829 0.005224943 0.176618 0.02185899 0.1684319 0.004992961 0.169966 0.005224943 0.176618 0.005695998 0.190117 0.02185899 0.1684319 0.006222963 0.205042 0.02185899 0.1684319 0.005695998 0.190117 0.006222963 0.205042 0.02259898 0.222185 0.02185899 0.1684319 0.06744897 0.441431 0.1806229 0.803372 0.02185899 0.2163659 0.004992961 0.21829 0.02185899 0.2163659 0.1806229 0.803372 0.474104 0.1922799 0.474104 0.246139 0.1806229 0.803372 0.07829999 0.973034 0.1806229 0.803372 0.474104 0.246139 0.470003 0.220709 0.474104 0.1922799 0.1806229 0.803372 0.466931 0.241474 0.470003 0.220709 0.1806229 0.803372 0.444046 0.380008 0.466931 0.241474 0.1806229 0.803372 0.432825 0.436939 0.444046 0.380008 0.1806229 0.803372 0.288691 0.74245 0.432825 0.436939 0.1806229 0.803372 0.2106119 0.742439 0.288691 0.74245 0.1806229 0.803372 0.06744897 0.441431 0.2106119 0.742439 0.1806229 0.803372 0.07829999 0.973034 0.004992961 0.21829 0.1806229 0.803372 0.477579 0.194119 0.474104 0.246139 0.474104 0.1922799 0.489926 0.247537 0.493472 0.248983 0.474104 0.246139 0.07829999 0.973034 0.474104 0.246139 0.493472 0.248983 0.477579 0.245726 0.474104 0.246139 0.477579 0.194119 0.477579 0.245726 0.489926 0.247537 0.474104 0.246139 0.493472 0.194572 0.474104 0.1922799 0.470003 0.220709 0.477579 0.194119 0.474104 0.1922799 0.493472 0.194572 0.462746 0.218693 0.470003 0.220709 0.466931 0.241474 0.44872 0.151699 0.470003 0.220709 0.462746 0.218693 0.44872 0.151699 0.476724 0.22219 0.470003 0.220709 0.493101 0.205047 0.470003 0.220709 0.476724 0.22219 0.493101 0.205047 0.493472 0.194572 0.470003 0.220709 0.474314 0.243418 0.466931 0.241474 0.444046 0.380008 0.462746 0.218693 0.466931 0.241474 0.458988 0.2388409 0.474314 0.17365 0.458988 0.2388409 0.466931 0.241474 0.474314 0.17365 0.466931 0.241474 0.474314 0.243418 0.431571 0.369943 0.444046 0.380008 0.432825 0.436939 0.45607 0.284819 0.444046 0.380008 0.431571 0.369943 0.45607 0.284819 0.45607 0.38776 0.444046 0.380008 0.487773 0.344863 0.444046 0.380008 0.45607 0.38776 0.490586 0.273729 0.474314 0.243418 0.444046 0.380008 0.487773 0.344863 0.490586 0.273729 0.444046 0.380008 0.446876 0.4489 0.432825 0.436939 0.288691 0.74245 0.431571 0.369943 0.432825 0.436939 0.418583 0.421775 0.358256 0.232383 0.418583 0.421775 0.432825 0.436939 0.358256 0.232383 0.432825 0.436939 0.446876 0.4489 0.281108 0.670113 0.288691 0.74245 0.2106119 0.742439 0.272267 0.425893 0.288691 0.74245 0.281108 0.670113 0.272267 0.425893 0.299537 0.815932 0.288691 0.74245 0.450096 0.815959 0.288691 0.74245 0.299537 0.815932 0.476836 0.560598 0.446876 0.4489 0.288691 0.74245 0.450096 0.815959 0.476836 0.560598 0.288691 0.74245 0.199752 0.815964 0.2106119 0.742439 0.06744897 0.441431 0.281108 0.670113 0.2106119 0.742439 0.218199 0.670106 0.199752 0.703056 0.218199 0.670106 0.2106119 0.742439 0.199752 0.703056 0.2106119 0.742439 0.199752 0.815964 0.05323499 0.339302 0.06744897 0.441431 0.08182495 0.425805 0.05323499 0.339302 0.05323499 0.453781 0.06744897 0.441431 0.02296799 0.568021 0.06744897 0.441431 0.05323499 0.453781 0.04922795 0.815959 0.199752 0.815964 0.06744897 0.441431 0.02296799 0.568021 0.04922795 0.815959 0.06744897 0.441431 0.032736 0.197613 0.249662 0.724893 0.03657698 0.218688 0.04546397 0.1938149 0.032736 0.197613 0.03657698 0.218688 0.05060297 0.213573 0.03657698 0.218688 0.02259898 0.158002 0.04546397 0.1938149 0.03657698 0.218688 0.05060297 0.213573 0.249662 0.724893 0.218199 0.670106 0.08182495 0.425805 0.249662 0.724893 0.281108 0.670113 0.218199 0.670106 0.466588 0.225515 0.418583 0.421775 0.281108 0.670113 0.272267 0.551921 0.281108 0.670113 0.418583 0.421775 0.249662 0.724893 0.466588 0.225515 0.281108 0.670113 0.267291 0.240628 0.272267 0.425893 0.281108 0.670113 0.272267 0.551921 0.267291 0.240628 0.281108 0.670113 0.466588 0.225515 0.431571 0.369943 0.418583 0.421775 0.393966 0.388031 0.272267 0.551921 0.418583 0.421775 0.358256 0.232383 0.393966 0.388031 0.418583 0.421775 0.466588 0.225515 0.458988 0.2388409 0.431571 0.369943 0.409156 0.3466 0.431571 0.369943 0.458988 0.2388409 0.409156 0.3466 0.45607 0.284819 0.431571 0.369943 0.466588 0.225515 0.462746 0.218693 0.458988 0.2388409 0.443741 0.2322199 0.409156 0.3466 0.458988 0.2388409 0.474314 0.17365 0.443741 0.2322199 0.458988 0.2388409 0.466588 0.225515 0.466588 0.197613 0.462746 0.218693 0.44872 0.213577 0.462746 0.218693 0.466588 0.197613 0.435471 0.098383 0.44872 0.151699 0.462746 0.218693 0.44872 0.213577 0.435471 0.098383 0.462746 0.218693 0.45386 0.221244 0.466588 0.197613 0.466588 0.225515 0.45386 0.1938149 0.44872 0.213577 0.466588 0.197613 0.45386 0.1938149 0.466588 0.197613 0.45386 0.221244 0.45386 0.221244 0.466588 0.225515 0.249662 0.724893 0.032736 0.197613 0.032736 0.225515 0.249662 0.724893 0.443741 0.26426 0.249662 0.724893 0.272267 0.602897 0.44872 0.243428 0.249662 0.724893 0.443741 0.26426 0.45386 0.221244 0.249662 0.724893 0.44872 0.243428 0.04546397 0.1938149 0.032736 0.225515 0.032736 0.197613 0.04546397 0.221244 0.05060297 0.243423 0.032736 0.225515 0.04546397 0.221244 0.032736 0.225515 0.04546397 0.1938149 0.02296996 0.440826 0.05323499 0.453781 0.05323499 0.339302 0.02296996 0.440826 0.02296799 0.568021 0.05323499 0.453781 0.1261039 0.214792 0.05323499 0.339302 0.142304 0.23374 0.946765 0.339302 0.05323499 0.339302 0.1261039 0.214792 0.977041 0.440859 0.02296996 0.440826 0.05323499 0.339302 0.946765 0.339302 0.977041 0.440859 0.05323499 0.339302 0.1261039 0.214792 0.142304 0.23374 0.142304 0.111513 0.141505 0.102883 0.142304 0.111513 0.154991 0.100201 0.1261039 0.1020359 0.1261039 0.214792 0.142304 0.111513 0.141505 0.102883 0.1261039 0.1020359 0.142304 0.111513 0.139878 0.100193 0.154991 0.100201 0.139328 0.09315699 0.139878 0.100193 0.14211 0.100414 0.154991 0.100201 0.142944 0.101742 0.154991 0.100201 0.14211 0.100414 0.142944 0.101742 0.141505 0.102883 0.154991 0.100201 0.199752 0.703056 0.199752 0.815964 0.04922795 0.815959 0.07829999 0.973034 0.04922795 0.815959 0.02296799 0.568021 0.977041 0.568049 0.02296799 0.568021 0.04922795 0.815959 0.04923397 0.703056 0.04922795 0.815959 0.02296799 0.568021 0.04923397 0.703056 0.199752 0.703056 0.04922795 0.815959 0.07829999 0.973034 0.450096 0.815959 0.04922795 0.815959 0.950778 0.815953 0.04922795 0.815959 0.450096 0.815959 0.950801 0.815932 0.977041 0.568049 0.04922795 0.815959 0.950778 0.815953 0.950801 0.815932 0.04922795 0.815959 0.977034 0.568027 0.988317 0.348065 0.02296799 0.568021 0.977041 0.568049 0.977034 0.568027 0.02296799 0.568021 0.04923397 0.703056 0.02296799 0.568021 0.02296996 0.440826 0.267291 0.575109 0.227044 0.664433 0.232023 0.575107 0.272267 0.664437 0.227044 0.664433 0.267291 0.575109 0.227044 0.301427 0.232023 0.240626 0.232023 0.575107 0.267291 0.575109 0.232023 0.575107 0.232023 0.240626 0.227044 0.425889 0.227044 0.301427 0.232023 0.575107 0.272267 0.30143 0.232023 0.240626 0.227044 0.301427 0.267291 0.240628 0.232023 0.240626 0.272267 0.30143 0.267291 0.575109 0.232023 0.240626 0.267291 0.240628 0.272267 0.425893 0.227044 0.301427 0.227044 0.425889 0.272267 0.30143 0.227044 0.301427 0.272267 0.425893 0.727731 0.425919 0.227044 0.425889 0.199752 0.703056 0.272267 0.425893 0.227044 0.425889 0.299537 0.703018 0.700463 0.703018 0.299537 0.703018 0.227044 0.425889 0.727731 0.425919 0.700463 0.703018 0.227044 0.425889 0.800248 0.703056 0.199752 0.703056 0.04923397 0.703056 0.800248 0.703056 0.727731 0.425919 0.199752 0.703056 0.272267 0.425893 0.299537 0.703018 0.299537 0.815932 0.45009 0.703056 0.299537 0.815932 0.299537 0.703018 0.45009 0.703056 0.450096 0.815959 0.299537 0.815932 0.549875 0.703018 0.45009 0.703056 0.299537 0.703018 0.700463 0.703018 0.549875 0.703018 0.299537 0.703018 0.267291 0.240628 0.272267 0.30143 0.272267 0.425893 0.272267 0.664437 0.267291 0.575109 0.267291 0.240628 0.272267 0.602897 0.272267 0.664437 0.267291 0.240628 0.272267 0.551921 0.272267 0.602897 0.267291 0.240628 0.393966 0.388031 0.272267 0.602897 0.272267 0.551921 0.409156 0.3466 0.272267 0.602897 0.393966 0.388031 0.443741 0.2322199 0.272267 0.602897 0.409156 0.3466 0.443741 0.26426 0.272267 0.602897 0.443741 0.2322199 0.446876 0.335179 0.446876 0.4489 0.476836 0.560598 0.446876 0.335179 0.358256 0.232383 0.446876 0.4489 0.493472 0.248983 0.476836 0.560598 0.450096 0.815959 0.549875 0.815932 0.450096 0.815959 0.476836 0.560598 0.476834 0.433911 0.476836 0.560598 0.450096 0.815959 0.476834 0.433911 0.446876 0.335179 0.476836 0.560598 0.493472 0.248983 0.487773 0.344863 0.476836 0.560598 0.523162 0.560604 0.476836 0.560598 0.487773 0.344863 0.523155 0.560626 0.549875 0.815932 0.476836 0.560598 0.523162 0.560604 0.523155 0.560626 0.476836 0.560598 0.07829999 0.973034 0.493472 0.248983 0.450096 0.815959 0.549898 0.815953 0.950778 0.815953 0.450096 0.815959 0.549875 0.815932 0.549898 0.815953 0.450096 0.815959 0.476834 0.433911 0.450096 0.815959 0.45009 0.703056 0.358256 0.232383 0.34551 0.292061 0.393966 0.388031 0.409156 0.3466 0.393966 0.388031 0.34551 0.292061 0.358256 0.232383 0.34551 0.09970498 0.34551 0.292061 0.361012 0.27317 0.34551 0.292061 0.34551 0.09970498 0.409156 0.3466 0.34551 0.292061 0.361012 0.27317 0.358256 0.232383 0.358256 0.11083 0.34551 0.09970498 0.357511 0.101175 0.34551 0.09970498 0.358256 0.11083 0.361012 0.27317 0.34551 0.09970498 0.361012 0.09266799 0.357511 0.101175 0.361012 0.09266799 0.34551 0.09970498 0.374252 0.1013939 0.358256 0.11083 0.358256 0.232383 0.361996 0.100701 0.358256 0.11083 0.374252 0.1013939 0.358954 0.102297 0.357511 0.101175 0.358256 0.11083 0.361224 0.102052 0.358954 0.102297 0.358256 0.11083 0.361996 0.100701 0.361224 0.102052 0.358256 0.11083 0.625743 0.213506 0.358256 0.232383 0.446876 0.335179 0.374252 0.213501 0.358256 0.232383 0.45607 0.284819 0.54393 0.284819 0.45607 0.284819 0.358256 0.232383 0.374252 0.1013939 0.358256 0.232383 0.374252 0.213501 0.625743 0.213506 0.54393 0.284819 0.358256 0.232383 0.553124 0.335179 0.446876 0.335179 0.476834 0.433911 0.553124 0.335179 0.625743 0.213506 0.446876 0.335179 0.487772 0.250771 0.45607 0.38776 0.45607 0.284819 0.487772 0.250771 0.487773 0.344863 0.45607 0.38776 0.409156 0.3466 0.374252 0.213501 0.45607 0.284819 0.512221 0.250762 0.487772 0.250771 0.45607 0.284819 0.54393 0.284819 0.512221 0.250762 0.45607 0.284819 0.361012 0.27317 0.374252 0.1013939 0.374252 0.213501 0.409156 0.3466 0.361012 0.27317 0.374252 0.213501 0.361012 0.27317 0.361012 0.09266799 0.374252 0.1013939 0.361996 0.100701 0.374252 0.1013939 0.361012 0.09266799 0.357511 0.101175 0.358325 0.09985899 0.361012 0.09266799 0.360542 0.09963095 0.361012 0.09266799 0.358325 0.09985899 0.360542 0.09963095 0.361996 0.100701 0.361012 0.09266799 0.474314 0.17365 0.474314 0.243418 0.490586 0.273729 0.493472 0.248983 0.490586 0.273729 0.487773 0.344863 0.512221 0.344853 0.487773 0.344863 0.490586 0.273729 0.490585 0.196255 0.490586 0.273729 0.487773 0.344863 0.490585 0.196255 0.474314 0.17365 0.490586 0.273729 0.493472 0.248983 0.493101 0.205047 0.490586 0.273729 0.509413 0.27373 0.490586 0.273729 0.493101 0.205047 0.50941 0.273736 0.512221 0.344853 0.490586 0.273729 0.509413 0.27373 0.50941 0.273736 0.490586 0.273729 0.512226 0.344861 0.523162 0.560604 0.487773 0.344863 0.512221 0.344853 0.512226 0.344861 0.487773 0.344863 0.490585 0.196255 0.487773 0.344863 0.487772 0.250771 0.429498 0.29817 0.443741 0.26426 0.443741 0.2322199 0.443741 0.165379 0.429498 0.29817 0.443741 0.2322199 0.474314 0.17365 0.443741 0.165379 0.443741 0.2322199 0.429498 0.29817 0.443741 0.308297 0.443741 0.26426 0.44872 0.284696 0.443741 0.26426 0.443741 0.308297 0.44872 0.243428 0.443741 0.26426 0.44872 0.284696 0.435471 0.276668 0.443741 0.308297 0.429498 0.29817 0.44872 0.284696 0.443741 0.308297 0.435471 0.276668 0.443741 0.110827 0.429498 0.1068 0.429498 0.29817 0.435471 0.276668 0.429498 0.29817 0.429498 0.1068 0.443741 0.165379 0.443741 0.110827 0.429498 0.29817 0.44872 0.101505 0.429498 0.1068 0.443741 0.110827 0.435471 0.098383 0.429498 0.1068 0.44872 0.101505 0.435471 0.276668 0.429498 0.1068 0.435471 0.098383 0.44872 0.151699 0.443741 0.110827 0.443741 0.165379 0.44872 0.101505 0.443741 0.110827 0.44872 0.151699 0.551276 0.1517 0.443741 0.165379 0.474314 0.17365 0.44872 0.151699 0.443741 0.165379 0.476724 0.158006 0.523276 0.158006 0.476724 0.158006 0.443741 0.165379 0.551276 0.1517 0.523276 0.158006 0.443741 0.165379 0.525686 0.17365 0.474314 0.17365 0.490585 0.196255 0.525686 0.17365 0.551276 0.1517 0.474314 0.17365 0.44872 0.151699 0.476724 0.158006 0.476724 0.22219 0.4931 0.145474 0.476724 0.22219 0.476724 0.158006 0.4931 0.145474 0.493101 0.205047 0.476724 0.22219 0.506896 0.145471 0.4931 0.145474 0.476724 0.158006 0.523276 0.158006 0.506896 0.145471 0.476724 0.158006 0.435471 0.098383 0.44872 0.101505 0.44872 0.151699 0.44872 0.284696 0.435471 0.276668 0.435471 0.098383 0.44872 0.243428 0.44872 0.284696 0.435471 0.098383 0.44872 0.213577 0.44872 0.243428 0.435471 0.098383 0.45386 0.1938149 0.44872 0.243428 0.44872 0.213577 0.45386 0.1938149 0.45386 0.221244 0.44872 0.243428 0.493472 0.248983 0.493472 0.194572 0.493101 0.205047 0.489926 0.247537 0.493472 0.194572 0.493472 0.248983 0.489926 0.195591 0.477579 0.194119 0.493472 0.194572 0.489926 0.247537 0.489926 0.195591 0.493472 0.194572 0.506898 0.2050459 0.509413 0.27373 0.493101 0.205047 0.493627 0.1901209 0.506898 0.2050459 0.493101 0.205047 0.4931 0.145474 0.493627 0.1901209 0.493101 0.205047 0.478995 0.182445 0.477579 0.194119 0.489926 0.195591 0.478995 0.231338 0.477579 0.245726 0.477579 0.194119 0.478995 0.182445 0.478995 0.231338 0.477579 0.194119 0.490568 0.183666 0.489926 0.195591 0.489926 0.247537 0.490568 0.183666 0.478995 0.182445 0.489926 0.195591 0.490568 0.232846 0.489926 0.247537 0.477579 0.245726 0.490568 0.183666 0.489926 0.247537 0.490568 0.232846 0.490568 0.232846 0.477579 0.245726 0.478995 0.231338 0.005223989 0.188843 0.004992961 0.21829 0.07829999 0.973034 0.005223989 0.188843 0.004992961 0.169966 0.004992961 0.21829 0.006222963 0.205042 0.005695998 0.190117 0.07829999 0.973034 0.005694985 0.203185 0.07829999 0.973034 0.005695998 0.190117 0.005223989 0.188843 0.07829999 0.973034 0.005694985 0.203185 0.005223989 0.188843 0.005224943 0.176618 0.004992961 0.169966 0.005224943 0.05793899 0.005695998 0.190117 0.005224943 0.176618 0.005696952 0.134627 0.006222963 0.205042 0.005695998 0.190117 0.994307 0.190117 0.005695998 0.190117 0.006222963 0.205042 0.005224943 0.05793899 0.005696952 0.134627 0.005695998 0.190117 0.005694985 0.203185 0.005695998 0.190117 0.994307 0.190117 0.994778 0.05793899 0.005224943 0.05793899 0.005224943 0.176618 0.005223989 0.188843 0.994778 0.05793899 0.005224943 0.176618 0.02259898 0.158002 0.02259898 0.222185 0.006222963 0.205042 0.005696952 0.134627 0.006223976 0.145471 0.006222963 0.205042 0.02259898 0.158002 0.006222963 0.205042 0.006223976 0.145471 0.99378 0.205039 0.994307 0.190117 0.006222963 0.205042 0.993778 0.205042 0.99378 0.205039 0.006222963 0.205042 0.99378 0.145467 0.006223976 0.145471 0.005696952 0.134627 0.977401 0.158002 0.006223976 0.145471 0.99378 0.145467 0.02259898 0.158002 0.006223976 0.145471 0.977401 0.158002 0.005224943 0.05793899 0.005696952 0.06254398 0.005696952 0.134627 0.994307 0.134627 0.005696952 0.134627 0.005696952 0.06254398 0.994307 0.134627 0.99378 0.145467 0.005696952 0.134627 0 0.05975699 0.005696952 0.06254398 0.005224943 0.05793899 0.994307 0.134627 0.005696952 0.06254398 0.994307 0.06254398 0.99999 0.06064397 0.994307 0.06254398 0.005696952 0.06254398 0 0.05975699 6.86e-4 0.06019598 0.005696952 0.06254398 10e-6 0.06064397 0.005696952 0.06254398 6.86e-4 0.06019598 10e-6 0.06064397 0.99999 0.06064397 0.005696952 0.06254398 0 0.05975699 0.005224943 0.05793899 0.994778 0.05793899 0.974991 0.173645 0.991263 0.273722 0.991266 0.273728 0.995313 0.207136 0.991263 0.273722 0.988317 0.348065 0.957757 0.389839 0.988317 0.348065 0.991263 0.273722 0.995313 0.207136 0.993778 0.205042 0.991263 0.273722 0.975603 0.244613 0.991263 0.273722 0.974991 0.173645 0.957757 0.389839 0.991263 0.273722 0.975603 0.244613 0.991266 0.196255 0.991266 0.273728 0.988322 0.348057 0.974991 0.173645 0.991266 0.273728 0.991266 0.196255 0.988322 0.253272 0.988322 0.348057 0.988317 0.348065 0.991266 0.196255 0.988322 0.348057 0.988322 0.253272 0.995313 0.207136 0.988317 0.348065 0.977034 0.568027 0.957757 0.389839 0.988322 0.253272 0.988317 0.348065 0.946765 0.339302 0.977034 0.568027 0.977041 0.568049 0.995313 0.207136 0.977034 0.568027 0.950778 0.815953 0.805827 0.820858 0.950778 0.815953 0.977034 0.568027 0.947708 0.458022 0.977034 0.568027 0.946765 0.339302 0.805827 0.820858 0.977034 0.568027 0.947708 0.458022 0.977041 0.440859 0.977041 0.568049 0.950801 0.815932 0.946765 0.339302 0.977041 0.568049 0.977041 0.440859 0.950801 0.703018 0.950801 0.815932 0.950778 0.815953 0.977041 0.440859 0.950801 0.815932 0.950801 0.703018 0.904798 1 0.950778 0.815953 0.549898 0.815953 0.904798 1 0.995313 0.207136 0.950778 0.815953 0.805827 0.820858 0.950801 0.703018 0.950778 0.815953 0.700463 0.703018 0.549898 0.815953 0.549875 0.815932 0.904798 1 0.549898 0.815953 0.523162 0.560604 0.552185 0.453052 0.523162 0.560604 0.549898 0.815953 0.694849 0.820858 0.549898 0.815953 0.700463 0.703018 0.552185 0.453052 0.549898 0.815953 0.694849 0.820858 0.549875 0.703018 0.549875 0.815932 0.523155 0.560626 0.700463 0.703018 0.549875 0.815932 0.549875 0.703018 0.523155 0.433942 0.523155 0.560626 0.523162 0.560604 0.549875 0.703018 0.523155 0.560626 0.523155 0.433942 0.904798 1 0.523162 0.560604 0.512226 0.344861 0.552185 0.453052 0.523155 0.433942 0.523162 0.560604 0.54393 0.284819 0.512226 0.344861 0.512221 0.344853 0.904798 1 0.512226 0.344861 0.509413 0.27373 0.525073 0.24462 0.509413 0.27373 0.512226 0.344861 0.542396 0.386028 0.512226 0.344861 0.54393 0.284819 0.525073 0.24462 0.512226 0.344861 0.542396 0.386028 0.512221 0.250762 0.512221 0.344853 0.50941 0.273736 0.54393 0.284819 0.512221 0.344853 0.512221 0.250762 0.50941 0.196261 0.50941 0.273736 0.509413 0.27373 0.512221 0.250762 0.50941 0.273736 0.50941 0.196261 0.904798 1 0.509413 0.27373 0.506898 0.2050459 0.525073 0.24462 0.50941 0.196261 0.509413 0.27373 0.493627 0.1901209 0.506896 0.205043 0.506898 0.2050459 0.523276 0.158006 0.506898 0.2050459 0.506896 0.205043 0.505945 0.177927 0.904798 1 0.506898 0.2050459 0.51777 0.1769829 0.505945 0.177927 0.506898 0.2050459 0.52252 0.2214519 0.506898 0.2050459 0.523276 0.158006 0.51777 0.1769829 0.506898 0.2050459 0.52252 0.2214519 0.493627 0.1901209 0.506369 0.1901209 0.506896 0.205043 0.506369 0.13463 0.506896 0.205043 0.506369 0.1901209 0.506896 0.145471 0.506896 0.205043 0.506369 0.13463 0.523276 0.158006 0.506896 0.205043 0.506896 0.145471 0.506369 0.203189 0.506369 0.1901209 0.493627 0.1901209 0.505898 0.05793994 0.506369 0.13463 0.506369 0.1901209 0.506369 0.203189 0.505898 0.05793994 0.506369 0.1901209 0.494099 0.188846 0.493627 0.1901209 0.4931 0.145474 0.493627 0.203189 0.506369 0.203189 0.493627 0.1901209 0.494099 0.188846 0.493627 0.203189 0.493627 0.1901209 0.99378 0.145467 0.994307 0.190117 0.99378 0.205039 0.994778 0.188843 0.994307 0.190117 0.99378 0.145467 0.994778 0.188843 0.994307 0.203185 0.994307 0.190117 0.005694985 0.203185 0.994307 0.190117 0.994307 0.203185 0.99378 0.145467 0.99378 0.205039 0.993778 0.205042 0.995313 0.207136 0.995313 0.161087 0.993778 0.205042 0.978156 0.221446 0.993778 0.205042 0.995313 0.161087 0.99378 0.145467 0.993778 0.205042 0.978156 0.221446 0.984636 0.206254 0.995313 0.161087 0.995313 0.207136 0.984636 0.160386 0.978156 0.221446 0.995313 0.161087 0.984636 0.206254 0.984636 0.160386 0.995313 0.161087 0.984636 0.206254 0.995313 0.207136 0.904798 1 0.505945 0.177927 0.505945 0.228256 0.904798 1 0.822377 0.878643 0.904798 1 0.505945 0.228256 0.822377 0.878643 0.984636 0.206254 0.904798 1 0.51777 0.1769829 0.505945 0.228256 0.505945 0.177927 0.51777 0.2270759 0.505945 0.228256 0.51777 0.1769829 0.822377 0.878643 0.505945 0.228256 0.51777 0.2270759 0.822377 0.878643 0.978156 0.221446 0.984636 0.160386 0.977401 0.222185 0.99378 0.145467 0.978156 0.221446 0.974991 0.243412 0.977401 0.222185 0.978156 0.221446 0.975603 0.244613 0.974991 0.243412 0.978156 0.221446 0.822377 0.878643 0.975603 0.244613 0.978156 0.221446 0.822377 0.878643 0.984636 0.160386 0.984636 0.206254 0.977401 0.222185 0.977401 0.158002 0.99378 0.145467 0.994307 0.134627 0.994778 0.188843 0.99378 0.145467 0.949401 0.151696 0.977401 0.158002 0.977401 0.222185 0.944423 0.165376 0.977401 0.158002 0.949401 0.151696 0.944423 0.165376 0.02259898 0.158002 0.977401 0.158002 0.949401 0.213574 0.949401 0.151696 0.977401 0.222185 0.947023 0.222543 0.949401 0.213574 0.977401 0.222185 0.959669 0.238836 0.977401 0.222185 0.974991 0.243412 0.961636 0.228348 0.977401 0.222185 0.959669 0.238836 0.961636 0.228348 0.947023 0.222543 0.977401 0.222185 0.005694985 0.203185 0.994307 0.203185 0.994778 0.188843 0.994307 0.06254398 0.994778 0.05793899 0.994778 0.188843 0.005223989 0.188843 0.994778 0.188843 0.994778 0.05793899 0.994307 0.134627 0.994307 0.06254398 0.994778 0.188843 0.005223989 0.188843 0.005694985 0.203185 0.994778 0.188843 0.99999 0.06064397 0.994778 0.05793899 0.994307 0.06254398 1 0.05975699 0 0.05975699 0.994778 0.05793899 0.999314 0.06019598 1 0.05975699 0.994778 0.05793899 0.99999 0.06064397 0.999314 0.06019598 0.994778 0.05793899 6.86e-4 0.00623995 6.86e-4 0.06019598 0 0.05975699 10e-6 0.006285965 10e-6 0.06064397 6.86e-4 0.06019598 10e-6 0.006285965 6.86e-4 0.06019598 6.86e-4 0.00623995 0 0.006193995 0 0.05975699 1 0.05975699 0 0.006193995 6.86e-4 0.00623995 0 0.05975699 1 0.006193995 1 0.05975699 0.999314 0.06019598 1 0.006193995 0 0.006193995 1 0.05975699 0.999314 0.00623995 0.999314 0.06019598 0.99999 0.06064397 0.999314 0.00623995 1 0.006193995 0.999314 0.06019598 0.99999 0.006285965 0.99999 0.06064397 10e-6 0.06064397 0.99999 0.006285965 0.999314 0.00623995 0.99999 0.06064397 10e-6 0.006285965 0.99999 0.006285965 10e-6 0.06064397 0.944423 0.110826 0.944423 0.165376 0.949401 0.151696 0.936152 0.09838199 0.949401 0.101503 0.949401 0.151696 0.944423 0.110826 0.949401 0.151696 0.949401 0.101503 0.949401 0.213574 0.936152 0.09838199 0.949401 0.151696 0.944423 0.165376 0.05060297 0.151695 0.02259898 0.158002 0.05060297 0.213573 0.02259898 0.158002 0.05060297 0.151695 0.944423 0.165376 0.974991 0.173645 0.05060297 0.151695 0.06385195 0.276662 0.05060297 0.213573 0.05060297 0.151695 0.05060297 0.101503 0.06385195 0.276662 0.05060297 0.151695 0.988322 0.253272 0.01168596 0.253281 0.008738994 0.1962479 0.991266 0.196255 0.988322 0.253272 0.008738994 0.1962479 0.956202 0.287909 0.04379796 0.287909 0.01168596 0.253281 0.988322 0.253272 0.956202 0.287909 0.01168596 0.253281 0.8577 0.233747 0.1261039 0.214792 0.04379796 0.287909 0.956202 0.287909 0.8577 0.233747 0.04379796 0.287909 0.8577 0.233747 0.946765 0.339302 0.1261039 0.214792 0.1261039 0.1020359 0.139328 0.09315699 0.1261039 0.214792 0.950801 0.703018 0.04923397 0.703056 0.02296996 0.440826 0.977041 0.440859 0.950801 0.703018 0.02296996 0.440826 0.950801 0.703018 0.800248 0.703056 0.04923397 0.703056 0.523155 0.433942 0.476834 0.433911 0.45009 0.703056 0.549875 0.703018 0.523155 0.433942 0.45009 0.703056 0.523155 0.433942 0.553124 0.335179 0.476834 0.433911 0.50941 0.196261 0.490585 0.196255 0.487772 0.250771 0.512221 0.250762 0.50941 0.196261 0.487772 0.250771 0.50941 0.196261 0.525686 0.17365 0.490585 0.196255 0.506369 0.13463 0.493627 0.13463 0.4931 0.145474 0.494099 0.188846 0.4931 0.145474 0.493627 0.13463 0.506896 0.145471 0.506369 0.13463 0.4931 0.145474 0.506369 0.06254595 0.493627 0.13463 0.506369 0.13463 0.493627 0.06254595 0.493627 0.13463 0.506369 0.06254595 0.494099 0.188846 0.493627 0.13463 0.493627 0.06254595 0.505898 0.05793994 0.506369 0.06254595 0.506369 0.13463 0.551276 0.2135789 0.523276 0.158006 0.551276 0.1517 0.551276 0.2135789 0.523276 0.22219 0.523276 0.158006 0.52252 0.2214519 0.523276 0.158006 0.523276 0.22219 0.525686 0.17365 0.556254 0.16538 0.551276 0.1517 0.551276 0.101506 0.551276 0.1517 0.556254 0.16538 0.564526 0.276671 0.551276 0.1517 0.551276 0.101506 0.564526 0.276671 0.551276 0.2135789 0.551276 0.1517 0.525686 0.243418 0.556254 0.16538 0.525686 0.17365 0.541008 0.238842 0.556254 0.16538 0.525686 0.243418 0.570499 0.106801 0.556254 0.110829 0.556254 0.16538 0.551276 0.101506 0.556254 0.16538 0.556254 0.110829 0.541008 0.238842 0.570499 0.106801 0.556254 0.16538 0.525686 0.243418 0.525686 0.17365 0.50941 0.196261 0.525686 0.243418 0.50941 0.196261 0.525073 0.24462 0.54393 0.38776 0.54393 0.284819 0.625743 0.213506 0.542396 0.386028 0.54393 0.284819 0.54393 0.38776 0.553124 0.335179 0.64174 0.23239 0.625743 0.213506 0.64174 0.110834 0.625743 0.213506 0.64174 0.23239 0.625743 0.101397 0.625743 0.213506 0.64174 0.110834 0.638985 0.09266996 0.625743 0.213506 0.625743 0.101397 0.638985 0.273176 0.54393 0.38776 0.625743 0.213506 0.638985 0.09266996 0.638985 0.273176 0.625743 0.213506 0.654487 0.292069 0.64174 0.23239 0.553124 0.335179 0.654487 0.292069 0.64174 0.110834 0.64174 0.23239 0.553124 0.4489 0.553124 0.335179 0.523155 0.433942 0.654487 0.292069 0.553124 0.335179 0.553124 0.4489 0.553124 0.4489 0.523155 0.433942 0.552185 0.453052 0.727731 0.55195 0.700463 0.703018 0.727731 0.425919 0.727731 0.55195 0.700463 0.815932 0.700463 0.703018 0.694849 0.820858 0.700463 0.703018 0.700463 0.815932 0.800248 0.703056 0.772957 0.425916 0.727731 0.425919 0.727731 0.301451 0.727731 0.425919 0.772957 0.425916 0.732708 0.575132 0.727731 0.425919 0.727731 0.301451 0.732708 0.575132 0.727731 0.55195 0.727731 0.425919 0.800248 0.815964 0.772957 0.425916 0.800248 0.703056 0.772957 0.551946 0.772957 0.425916 0.800248 0.815964 0.767978 0.24064 0.772957 0.301448 0.772957 0.425916 0.727731 0.301451 0.772957 0.425916 0.772957 0.301448 0.772957 0.551946 0.767978 0.24064 0.772957 0.425916 0.800248 0.815964 0.800248 0.703056 0.950801 0.703018 0.800248 0.815964 0.950801 0.703018 0.805827 0.820858 0.946765 0.453781 0.946765 0.339302 0.8577 0.233747 0.947708 0.458022 0.946765 0.339302 0.946765 0.453781 0.956202 0.287909 0.8739 0.214797 0.8577 0.233747 0.8739 0.102038 0.8577 0.233747 0.8739 0.214797 0.8577 0.111517 0.8577 0.233747 0.8739 0.102038 0.845012 0.100204 0.8577 0.233747 0.8577 0.111517 0.845012 0.293388 0.946765 0.453781 0.8577 0.233747 0.845012 0.100204 0.845012 0.293388 0.8577 0.233747 0.860676 0.274499 0.8739 0.214797 0.956202 0.287909 0.860676 0.274499 0.8739 0.102038 0.8739 0.214797 0.956202 0.391592 0.956202 0.287909 0.988322 0.253272 0.860676 0.274499 0.956202 0.287909 0.956202 0.391592 0.956202 0.391592 0.988322 0.253272 0.957757 0.389839 0.930179 0.298166 0.974991 0.173645 0.944423 0.165376 0.959669 0.238836 0.974991 0.243412 0.974991 0.173645 0.975603 0.244613 0.974991 0.173645 0.974991 0.243412 0.930179 0.298166 0.959669 0.238836 0.974991 0.173645 0.930179 0.298166 0.944423 0.165376 0.944423 0.110826 0.930179 0.106798 0.949401 0.101503 0.936152 0.09838199 0.930179 0.106798 0.944423 0.110826 0.949401 0.101503 0.949401 0.284692 0.936152 0.276665 0.936152 0.09838199 0.930179 0.106798 0.936152 0.09838199 0.936152 0.276665 0.949401 0.213574 0.949401 0.284692 0.936152 0.09838199 0.947023 0.296081 0.936152 0.276665 0.949401 0.284692 0.930179 0.298166 0.936152 0.276665 0.944423 0.308292 0.947023 0.296081 0.944423 0.308292 0.936152 0.276665 0.930179 0.106798 0.936152 0.276665 0.930179 0.298166 0.947023 0.296081 0.949401 0.284692 0.949401 0.213574 0.947023 0.296081 0.949401 0.213574 0.947023 0.222543 0.930179 0.106798 0.930179 0.298166 0.944423 0.110826 0.959667 0.536535 0.959669 0.57378 0.959669 0.536536 0.961636 0.228348 0.959669 0.238836 0.959669 0.319939 0.930179 0.298166 0.944423 0.308292 0.959669 0.238836 0.951929 0.316015 0.959669 0.238836 0.944423 0.308292 0.959667 0.515555 0.959667 0.536535 0.959669 0.536536 0.959667 0.515555 0.959669 0.536536 0.959669 0.515557 0.959667 0.319938 0.959669 0.238836 0.951929 0.316015 0.959667 0.319938 0.959667 0.349807 0.959669 0.349808 0.959667 0.536535 0.944423 0.562772 0.959669 0.57378 0.961636 0.556219 0.959669 0.57378 0.944423 0.562772 0.961636 0.556219 0.961636 0.228348 0.959669 0.57378 0.951929 0.316015 0.944423 0.308292 0.944423 0.562772 0.947023 0.546212 0.944423 0.562772 0.944423 0.308292 0.951929 0.531436 0.951929 0.510497 0.944423 0.562772 0.959667 0.349807 0.944423 0.562772 0.951929 0.510497 0.959667 0.536535 0.951929 0.531436 0.944423 0.562772 0.951929 0.345627 0.951929 0.316015 0.944423 0.562772 0.959667 0.349807 0.951929 0.345627 0.944423 0.562772 0.961636 0.556219 0.944423 0.562772 0.947023 0.546212 0.947023 0.546212 0.944423 0.308292 0.947023 0.296081 0.750345 0.90892 0.951929 0.510497 0.951929 0.531436 0.959667 0.349807 0.951929 0.510497 0.959667 0.515555 0.750345 0.895787 0.959667 0.515555 0.951929 0.510497 0.750345 0.90892 0.750345 0.895787 0.951929 0.510497 0.750347 0.946433 0.951929 0.531436 0.959667 0.536535 0.750347 0.946433 0.750345 0.90892 0.951929 0.531436 0.750347 0.935115 0.959667 0.536535 0.959667 0.515555 0.750347 0.946433 0.959667 0.536535 0.750347 0.935115 0.750347 0.935115 0.959667 0.515555 0.750345 0.895787 0.750345 0.758832 0.951929 0.316015 0.951929 0.345627 0.750345 0.725151 0.959667 0.319938 0.951929 0.316015 0.750345 0.758832 0.750345 0.725151 0.951929 0.316015 0.750347 0.814263 0.951929 0.345627 0.959667 0.349807 0.750347 0.814263 0.750345 0.758832 0.951929 0.345627 0.750347 0.783597 0.959667 0.349807 0.959667 0.319938 0.750347 0.814263 0.959667 0.349807 0.750347 0.783597 0.750347 0.783597 0.959667 0.319938 0.750345 0.725151 0.822377 0.878643 0.957757 0.389839 0.975603 0.244613 0.946765 0.453781 0.956202 0.391592 0.957757 0.389839 0.947708 0.458022 0.946765 0.453781 0.957757 0.389839 0.822377 0.878643 0.947708 0.458022 0.957757 0.389839 0.845012 0.293388 0.860676 0.274499 0.956202 0.391592 0.845012 0.293388 0.956202 0.391592 0.946765 0.453781 0.860676 0.274499 0.860676 0.09315896 0.8739 0.102038 0.860126 0.100196 0.8739 0.102038 0.860676 0.09315896 0.858498 0.102886 0.8577 0.111517 0.8739 0.102038 0.861576 0.101285 0.860785 0.102648 0.8739 0.102038 0.858498 0.102886 0.8739 0.102038 0.860785 0.102648 0.860126 0.100196 0.861576 0.101285 0.8739 0.102038 0.845012 0.100204 0.860676 0.09315896 0.860676 0.274499 0.860126 0.100196 0.860676 0.09315896 0.845012 0.100204 0.845012 0.100204 0.860676 0.274499 0.845012 0.293388 0.858498 0.102886 0.845012 0.100204 0.8577 0.111517 0.857894 0.100417 0.860126 0.100196 0.845012 0.100204 0.85706 0.101744 0.857894 0.100417 0.845012 0.100204 0.858498 0.102886 0.85706 0.101744 0.845012 0.100204 0.822377 0.878643 0.805827 0.820858 0.947708 0.458022 0.700463 0.815932 0.800248 0.815964 0.805827 0.820858 0.694849 0.820858 0.700463 0.815932 0.805827 0.820858 0.51777 0.2270759 0.694849 0.820858 0.805827 0.820858 0.822377 0.878643 0.51777 0.2270759 0.805827 0.820858 0.727731 0.55195 0.772957 0.551946 0.800248 0.815964 0.727731 0.55195 0.800248 0.815964 0.700463 0.815932 0.732708 0.240642 0.772957 0.301448 0.767978 0.24064 0.732708 0.240642 0.727731 0.301451 0.772957 0.301448 0.772957 0.664461 0.767978 0.575129 0.767978 0.24064 0.732708 0.240642 0.767978 0.24064 0.767978 0.575129 0.772957 0.551946 0.772957 0.664461 0.767978 0.24064 0.727731 0.664465 0.767978 0.575129 0.772957 0.664461 0.732708 0.575132 0.767978 0.575129 0.727731 0.664465 0.732708 0.240642 0.767978 0.575129 0.732708 0.575132 0.727731 0.664465 0.772957 0.664461 0.772957 0.551946 0.727731 0.664465 0.772957 0.551946 0.727731 0.55195 0.732708 0.240642 0.732708 0.575132 0.727731 0.301451 0.732708 0.575132 0.727731 0.664465 0.727731 0.55195 0.51777 0.2270759 0.552185 0.453052 0.694849 0.820858 0.54393 0.38776 0.553124 0.4489 0.552185 0.453052 0.542396 0.386028 0.54393 0.38776 0.552185 0.453052 0.51777 0.2270759 0.542396 0.386028 0.552185 0.453052 0.638985 0.273176 0.654487 0.292069 0.553124 0.4489 0.638985 0.273176 0.553124 0.4489 0.54393 0.38776 0.654487 0.292069 0.654487 0.09970796 0.64174 0.110834 0.642486 0.101178 0.64174 0.110834 0.654487 0.09970796 0.638 0.100704 0.625743 0.101397 0.64174 0.110834 0.641042 0.1023 0.638772 0.1020539 0.64174 0.110834 0.638 0.100704 0.64174 0.110834 0.638772 0.1020539 0.642486 0.101178 0.641042 0.1023 0.64174 0.110834 0.638985 0.09266996 0.654487 0.09970796 0.654487 0.292069 0.642486 0.101178 0.654487 0.09970796 0.638985 0.09266996 0.638985 0.09266996 0.654487 0.292069 0.638985 0.273176 0.638 0.100704 0.638985 0.09266996 0.625743 0.101397 0.641671 0.09986197 0.642486 0.101178 0.638985 0.09266996 0.639455 0.09963297 0.641671 0.09986197 0.638985 0.09266996 0.638 0.100704 0.639455 0.09963297 0.638985 0.09266996 0.51777 0.2270759 0.525073 0.24462 0.542396 0.386028 0.523276 0.22219 0.525686 0.243418 0.525073 0.24462 0.52252 0.2214519 0.523276 0.22219 0.525073 0.24462 0.51777 0.2270759 0.52252 0.2214519 0.525073 0.24462 0.53904 0.228354 0.541008 0.238842 0.525686 0.243418 0.53904 0.228354 0.525686 0.243418 0.523276 0.22219 0.564526 0.09838396 0.556254 0.110829 0.570499 0.106801 0.564526 0.09838396 0.551276 0.101506 0.556254 0.110829 0.556254 0.308299 0.570499 0.298173 0.570499 0.106801 0.564526 0.09838396 0.570499 0.106801 0.570499 0.298173 0.541008 0.238842 0.556254 0.308299 0.570499 0.106801 0.553654 0.296087 0.570499 0.298173 0.556254 0.308299 0.564526 0.276671 0.570499 0.298173 0.551276 0.284698 0.553654 0.296087 0.551276 0.284698 0.570499 0.298173 0.564526 0.09838396 0.570499 0.298173 0.564526 0.276671 0.548749 0.531446 0.556254 0.562782 0.556254 0.308299 0.553654 0.296087 0.556254 0.308299 0.556254 0.562782 0.54101 0.319946 0.556254 0.308299 0.541008 0.238842 0.54101 0.515565 0.548749 0.510506 0.556254 0.308299 0.548749 0.531446 0.556254 0.308299 0.548749 0.510506 0.548749 0.345635 0.54101 0.515565 0.556254 0.308299 0.54101 0.319946 0.548749 0.316022 0.556254 0.308299 0.548749 0.345635 0.556254 0.308299 0.548749 0.316022 0.548749 0.531446 0.541008 0.57379 0.556254 0.562782 0.553654 0.546221 0.556254 0.562782 0.541008 0.57379 0.553654 0.296087 0.556254 0.562782 0.553654 0.546221 0.54101 0.319946 0.541008 0.238842 0.541008 0.319947 0.53904 0.556229 0.541008 0.57379 0.541008 0.536546 0.54101 0.536545 0.54101 0.515565 0.541008 0.515567 0.54101 0.515565 0.54101 0.349815 0.541008 0.349816 0.548749 0.531446 0.54101 0.536545 0.541008 0.57379 0.54101 0.349815 0.54101 0.319946 0.541008 0.319947 0.553654 0.546221 0.541008 0.57379 0.53904 0.556229 0.53904 0.556229 0.541008 0.238842 0.53904 0.228354 0.750347 0.935115 0.548749 0.510506 0.54101 0.515565 0.750345 0.895787 0.548749 0.531446 0.548749 0.510506 0.750347 0.935115 0.750345 0.895787 0.548749 0.510506 0.750347 0.946433 0.54101 0.515565 0.54101 0.536545 0.548749 0.345635 0.54101 0.349815 0.54101 0.515565 0.750347 0.946433 0.750347 0.935115 0.54101 0.515565 0.750345 0.90892 0.54101 0.536545 0.548749 0.531446 0.750347 0.946433 0.54101 0.536545 0.750345 0.90892 0.750345 0.90892 0.548749 0.531446 0.750345 0.895787 0.750347 0.783597 0.548749 0.316022 0.54101 0.319946 0.750345 0.725151 0.548749 0.345635 0.548749 0.316022 0.750347 0.783597 0.750345 0.725151 0.548749 0.316022 0.750347 0.814263 0.54101 0.319946 0.54101 0.349815 0.750347 0.814263 0.750347 0.783597 0.54101 0.319946 0.750345 0.758832 0.54101 0.349815 0.548749 0.345635 0.750347 0.814263 0.54101 0.349815 0.750345 0.758832 0.750345 0.758832 0.548749 0.345635 0.750345 0.725151 0.564526 0.09838396 0.564526 0.276671 0.551276 0.101506 0.53904 0.228354 0.523276 0.22219 0.551276 0.2135789 0.564526 0.276671 0.551276 0.284698 0.551276 0.2135789 0.553654 0.222548 0.551276 0.2135789 0.551276 0.284698 0.553654 0.222548 0.53904 0.228354 0.551276 0.2135789 0.553654 0.296087 0.553654 0.222548 0.551276 0.284698 0.51777 0.2270759 0.51777 0.1769829 0.52252 0.2214519 0.961636 0.556219 0.947023 0.222543 0.961636 0.228348 0.961636 0.556219 0.947023 0.296081 0.947023 0.222543 0.961636 0.556219 0.947023 0.546212 0.947023 0.296081 0.860785 0.01059699 0.860785 0.102648 0.861576 0.101285 0.858499 0.01062196 0.858498 0.102886 0.860785 0.102648 0.858499 0.01062196 0.860785 0.102648 0.860785 0.01059699 0.861576 0.01045495 0.861576 0.101285 0.860126 0.100196 0.861576 0.01045495 0.860785 0.01059699 0.861576 0.101285 0.860125 0.01034098 0.860126 0.100196 0.857894 0.100417 0.860125 0.01034098 0.861576 0.01045495 0.860126 0.100196 0.857894 0.01036399 0.857894 0.100417 0.85706 0.101744 0.857894 0.01036399 0.860125 0.01034098 0.857894 0.100417 0.85706 0.01050299 0.85706 0.101744 0.858498 0.102886 0.85706 0.01050299 0.857894 0.01036399 0.85706 0.101744 0.858499 0.01062196 0.85706 0.01050299 0.858498 0.102886 0.871611 0.01013594 0.860785 0.01059699 0.861576 0.01045495 0.846256 0.01077699 0.858499 0.01062196 0.860785 0.01059699 0.851382 0.01127594 0.846256 0.01077699 0.860785 0.01059699 0.871611 0.01013594 0.851382 0.01127594 0.860785 0.01059699 0.871611 0.01013594 0.861576 0.01045495 0.860125 0.01034098 0.871611 0.01013594 0.860125 0.01034098 0.857894 0.01036399 0.846256 0.01077699 0.857894 0.01036399 0.85706 0.01050299 0.866202 0.009768962 0.857894 0.01036399 0.846256 0.01077699 0.866202 0.009768962 0.871611 0.01013594 0.857894 0.01036399 0.846256 0.01077699 0.85706 0.01050299 0.858499 0.01062196 0.858628 0.009655952 0.846473 0.01022195 0.851264 0.00981599 0.851264 0 0.851264 0.00981599 0.846473 0.01022195 0.858628 0 0.858628 0.009655952 0.851264 0.00981599 0.858628 0 0.851264 0.00981599 0.851264 0 0.866202 0.009768962 0.846256 0.01077699 0.846473 0.01022195 0.846472 0 0.846473 0.01022195 0.846256 0.01077699 0.858628 0.009655952 0.866202 0.009768962 0.846473 0.01022195 0.846472 0 0.851264 0 0.846473 0.01022195 0.851382 0 0.846256 0.01077699 0.851382 0.01127594 0.846256 0 0.846472 0 0.846256 0.01077699 0.851382 0 0.846256 0 0.846256 0.01077699 0.872744 0.01067596 0.860147 0.01145595 0.851382 0.01127594 0.851382 0 0.851382 0.01127594 0.860147 0.01145595 0.871611 0.01013594 0.872744 0.01067596 0.851382 0.01127594 0.872744 0.01067596 0.868522 0.011204 0.860147 0.01145595 0.860148 0 0.860147 0.01145595 0.868522 0.011204 0.860148 0 0.851382 0 0.860147 0.01145595 0.868522 0 0.868522 0.011204 0.872744 0.01067596 0.868522 0 0.860148 0 0.868522 0.011204 0.872745 0 0.872744 0.01067596 0.871611 0.01013594 0.872745 0 0.868522 0 0.872744 0.01067596 0.866202 0 0.871611 0.01013594 0.866202 0.009768962 0.871611 0 0.872745 0 0.871611 0.01013594 0.866202 0 0.871611 0 0.871611 0.01013594 0.866202 0 0.866202 0.009768962 0.858628 0.009655952 0.858628 0 0.866202 0 0.858628 0.009655952 0.858628 0 0.851264 0 0.846472 0 0.858628 0 0.846472 0 0.846256 0 0.866202 0 0.846256 0 0.851382 0 0.858628 0 0.846256 0 0.866202 0 0.871611 0 0.851382 0 0.860148 0 0.866202 0 0.851382 0 0.871611 0 0.872745 0 0.860148 0 0.868522 0 0.871611 0 0.860148 0 0.872745 0 0.638772 0.010535 0.638772 0.1020539 0.641042 0.1023 0.638 0.01039397 0.638 0.100704 0.638772 0.1020539 0.638 0.01039397 0.638772 0.1020539 0.638772 0.010535 0.641042 0.01056098 0.641042 0.1023 0.642486 0.101178 0.641042 0.01056098 0.638772 0.010535 0.641042 0.1023 0.642486 0.01044297 0.642486 0.101178 0.641671 0.09986197 0.642486 0.01044297 0.641042 0.01056098 0.642486 0.101178 0.641671 0.010306 0.641671 0.09986197 0.639455 0.09963297 0.641671 0.010306 0.642486 0.01044297 0.641671 0.09986197 0.639454 0.01028198 0.639455 0.09963297 0.638 0.100704 0.639454 0.01028198 0.641671 0.010306 0.639455 0.09963297 0.638 0.01039397 0.639454 0.01028198 0.638 0.100704 0.648047 0.01121097 0.638772 0.010535 0.641042 0.01056098 0.633472 0.009713947 0.638 0.01039397 0.638772 0.010535 0.628057 0.01007497 0.633472 0.009713947 0.638772 0.010535 0.648047 0.01121097 0.628057 0.01007497 0.638772 0.010535 0.648047 0.01121097 0.641042 0.01056098 0.642486 0.01044297 0.648047 0.01121097 0.642486 0.01044297 0.641671 0.010306 0.633472 0.009713947 0.641671 0.010306 0.639454 0.01028198 0.6532 0.01071995 0.641671 0.010306 0.633472 0.009713947 0.6532 0.01071995 0.648047 0.01121097 0.641671 0.010306 0.633472 0.009713947 0.639454 0.01028198 0.638 0.01039397 0.653047 0.01017099 0.641017 0.009605944 0.648325 0.009766995 0.648325 0 0.648325 0.009766995 0.641017 0.009605944 0.653047 0 0.653047 0.01017099 0.648325 0.009766995 0.653047 0 0.648325 0.009766995 0.648325 0 0.6532 0.01071995 0.633472 0.009713947 0.641017 0.009605944 0.641016 0 0.641017 0.009605944 0.633472 0.009713947 0.653047 0.01017099 0.6532 0.01071995 0.641017 0.009605944 0.641016 0 0.648325 0 0.641017 0.009605944 0.628058 0 0.633472 0.009713947 0.628057 0.01007497 0.633472 0 0.641016 0 0.633472 0.009713947 0.628058 0 0.633472 0 0.633472 0.009713947 0.639315 0.01138395 0.626878 0.010607 0.628057 0.01007497 0.628058 0 0.628057 0.01007497 0.626878 0.010607 0.648047 0.01121097 0.639315 0.01138395 0.628057 0.01007497 0.639315 0.01138395 0.63102 0.01113098 0.626878 0.010607 0.626878 0 0.626878 0.010607 0.63102 0.01113098 0.626878 0 0.628058 0 0.626878 0.010607 0.63102 0 0.63102 0.01113098 0.639315 0.01138395 0.63102 0 0.626878 0 0.63102 0.01113098 0.639315 0 0.639315 0.01138395 0.648047 0.01121097 0.639315 0 0.63102 0 0.639315 0.01138395 0.6532 0 0.648047 0.01121097 0.6532 0.01071995 0.648047 0 0.639315 0 0.648047 0.01121097 0.6532 0 0.648047 0 0.648047 0.01121097 0.6532 0 0.6532 0.01071995 0.653047 0.01017099 0.653047 0 0.6532 0 0.653047 0.01017099 0.653047 0 0.648325 0 0.641016 0 0.653047 0 0.641016 0 0.633472 0 0.6532 0 0.633472 0 0.628058 0 0.653047 0 0.633472 0 0.6532 0 0.648047 0 0.628058 0 0.626878 0 0.6532 0 0.628058 0 0.648047 0 0.639315 0 0.626878 0 0.63102 0 0.648047 0 0.626878 0 0.639315 0 0.553654 0.296087 0.53904 0.228354 0.553654 0.222548 0.553654 0.546221 0.53904 0.556229 0.53904 0.228354 0.553654 0.296087 0.553654 0.546221 0.53904 0.228354 0.500674 0.05975794 0.506369 0.06254595 0.505898 0.05793994 0.499312 0.06064498 0.493627 0.06254595 0.506369 0.06254595 0.500684 0.06064599 0.499312 0.06064498 0.506369 0.06254595 0.50136 0.06019699 0.500684 0.06064599 0.506369 0.06254595 0.500674 0.05975794 0.50136 0.06019699 0.506369 0.06254595 0.506369 0.203189 0.505898 0.188847 0.505898 0.05793994 0.494099 0.05793994 0.505898 0.05793994 0.505898 0.188847 0.500674 0.05975794 0.505898 0.05793994 0.494099 0.05793994 0.493627 0.203189 0.505898 0.188847 0.506369 0.203189 0.494099 0.188846 0.505898 0.188847 0.493627 0.203189 0.494099 0.05793994 0.505898 0.188847 0.494099 0.188846 0.494099 0.05793994 0.494099 0.188846 0.493627 0.06254595 0.499312 0.06064498 0.494099 0.05793994 0.493627 0.06254595 0.499312 0.06064498 0.498636 0.06019699 0.494099 0.05793994 0.499322 0.05975794 0.494099 0.05793994 0.498636 0.06019699 0.499322 0.05975794 0.500674 0.05975794 0.494099 0.05793994 0.498636 0.00623995 0.498636 0.06019699 0.499312 0.06064498 0.499322 0.006193995 0.499322 0.05975794 0.498636 0.06019699 0.499322 0.006193995 0.498636 0.06019699 0.498636 0.00623995 0.499312 0.006286978 0.499312 0.06064498 0.500684 0.06064599 0.499312 0.006286978 0.498636 0.00623995 0.499312 0.06064498 0.500684 0.006286978 0.500684 0.06064599 0.50136 0.06019699 0.500684 0.006286978 0.499312 0.006286978 0.500684 0.06064599 0.50136 0.00623995 0.50136 0.06019699 0.500674 0.05975794 0.50136 0.00623995 0.500684 0.006286978 0.50136 0.06019699 0.500674 0.006193995 0.500674 0.05975794 0.499322 0.05975794 0.500674 0.006193995 0.50136 0.00623995 0.500674 0.05975794 0.499322 0.006193995 0.500674 0.006193995 0.499322 0.05975794 0.497367 0.006555974 0.498636 0.00623995 0.499312 0.006286978 0.502387 0.005952 0.499322 0.006193995 0.498636 0.00623995 0.497609 0.005952 0.502387 0.005952 0.498636 0.00623995 0.497367 0.006555974 0.497609 0.005952 0.498636 0.00623995 0.497367 0.006555974 0.499312 0.006286978 0.500684 0.006286978 0.497367 0.006555974 0.500684 0.006286978 0.50136 0.00623995 0.502387 0.005952 0.50136 0.00623995 0.500674 0.006193995 0.50263 0.006555974 0.50136 0.00623995 0.502387 0.005952 0.50263 0.006555974 0.497367 0.006555974 0.50136 0.00623995 0.502387 0.005952 0.500674 0.006193995 0.499322 0.006193995 0.506753 0.00642699 0.506361 0.006053984 0.508096 0.006231963 0.508096 0 0.508096 0.006231963 0.506361 0.006053984 0.506753 0 0.506753 0.00642699 0.508096 0.006231963 0.506753 0 0.508096 0.006231963 0.508096 0 0.50263 0.006555974 0.502387 0.005952 0.506361 0.006053984 0.506361 0 0.506361 0.006053984 0.502387 0.005952 0.506753 0.00642699 0.50263 0.006555974 0.506361 0.006053984 0.506361 0 0.508096 0 0.506361 0.006053984 0.49761 0 0.502387 0.005952 0.497609 0.005952 0.502387 0 0.506361 0 0.502387 0.005952 0.49761 0 0.502387 0 0.502387 0.005952 0.493244 0.00642699 0.493636 0.006053984 0.497609 0.005952 0.49761 0 0.497609 0.005952 0.493636 0.006053984 0.497367 0.006555974 0.493244 0.00642699 0.497609 0.005952 0.493244 0.00642699 0.4919 0.006231963 0.493636 0.006053984 0.493635 0 0.493636 0.006053984 0.4919 0.006231963 0.493635 0 0.49761 0 0.493636 0.006053984 0.4919 0 0.4919 0.006231963 0.493244 0.00642699 0.4919 0 0.493635 0 0.4919 0.006231963 0.493244 0 0.493244 0.00642699 0.497367 0.006555974 0.493244 0 0.4919 0 0.493244 0.00642699 0.50263 0 0.497367 0.006555974 0.50263 0.006555974 0.497366 0 0.493244 0 0.497367 0.006555974 0.50263 0 0.497366 0 0.497367 0.006555974 0.50263 0 0.50263 0.006555974 0.506753 0.00642699 0.506753 0 0.50263 0 0.506753 0.00642699 0.506753 0 0.508096 0 0.506361 0 0.506753 0 0.506361 0 0.502387 0 0.50263 0 0.502387 0 0.49761 0 0.506753 0 0.502387 0 0.50263 0 0.497366 0 0.49761 0 0.493635 0 0.50263 0 0.49761 0 0.497366 0 0.493244 0 0.493635 0 0.4919 0 0.497366 0 0.493635 0 0.493244 0 0.06385195 0.276662 0.05060297 0.243423 0.05060297 0.213573 0.04546397 0.221244 0.05060297 0.213573 0.05060297 0.243423 0.04546397 0.221244 0.04546397 0.1938149 0.05060297 0.213573 0.06385195 0.276662 0.05060297 0.28469 0.05060297 0.243423 0.05060297 0.101503 0.06385195 0.09838098 0.06385195 0.276662 0.358325 0.010306 0.358325 0.09985899 0.357511 0.101175 0.360542 0.01028198 0.360542 0.09963095 0.358325 0.09985899 0.360542 0.01028198 0.358325 0.09985899 0.358325 0.010306 0.357511 0.01044297 0.357511 0.101175 0.358954 0.102297 0.357511 0.01044297 0.358325 0.010306 0.357511 0.101175 0.358954 0.01055997 0.358954 0.102297 0.361224 0.102052 0.358954 0.01055997 0.357511 0.01044297 0.358954 0.102297 0.361224 0.010535 0.361224 0.102052 0.361996 0.100701 0.361224 0.010535 0.358954 0.01055997 0.361224 0.102052 0.361996 0.01039397 0.361996 0.100701 0.360542 0.09963095 0.361996 0.01039397 0.361224 0.010535 0.361996 0.100701 0.360542 0.01028198 0.361996 0.01039397 0.360542 0.09963095 0.346797 0.01071995 0.358325 0.010306 0.357511 0.01044297 0.371939 0.01007395 0.360542 0.01028198 0.358325 0.010306 0.366524 0.009713947 0.371939 0.01007395 0.358325 0.010306 0.346797 0.01071995 0.366524 0.009713947 0.358325 0.010306 0.346797 0.01071995 0.357511 0.01044297 0.358954 0.01055997 0.346797 0.01071995 0.358954 0.01055997 0.361224 0.010535 0.371939 0.01007395 0.361224 0.010535 0.361996 0.01039397 0.35195 0.01120996 0.361224 0.010535 0.371939 0.01007395 0.35195 0.01120996 0.346797 0.01071995 0.361224 0.010535 0.371939 0.01007395 0.361996 0.01039397 0.360542 0.01028198 0.360681 0.01138395 0.373118 0.010607 0.368975 0.01112997 0.368975 0 0.368975 0.01112997 0.373118 0.010607 0.360681 0 0.360681 0.01138395 0.368975 0.01112997 0.360681 0 0.368975 0.01112997 0.368975 0 0.35195 0.01120996 0.371939 0.01007395 0.373118 0.010607 0.373118 0 0.373118 0.010607 0.371939 0.01007395 0.360681 0.01138395 0.35195 0.01120996 0.373118 0.010607 0.373118 0 0.368975 0 0.373118 0.010607 0.366525 0 0.371939 0.01007395 0.366524 0.009713947 0.371939 0 0.373118 0 0.371939 0.01007395 0.366525 0 0.371939 0 0.371939 0.01007395 0.34695 0.01017099 0.358981 0.00960499 0.366524 0.009713947 0.366525 0 0.366524 0.009713947 0.358981 0.00960499 0.346797 0.01071995 0.34695 0.01017099 0.366524 0.009713947 0.34695 0.01017099 0.351672 0.009766995 0.358981 0.00960499 0.35898 0 0.358981 0.00960499 0.351672 0.009766995 0.35898 0 0.366525 0 0.358981 0.00960499 0.351672 0 0.351672 0.009766995 0.34695 0.01017099 0.351672 0 0.35898 0 0.351672 0.009766995 0.34695 0 0.34695 0.01017099 0.346797 0.01071995 0.34695 0 0.351672 0 0.34695 0.01017099 0.351949 0 0.346797 0.01071995 0.35195 0.01120996 0.346796 0 0.34695 0 0.346797 0.01071995 0.351949 0 0.346796 0 0.346797 0.01071995 0.351949 0 0.35195 0.01120996 0.360681 0.01138395 0.360681 0 0.351949 0 0.360681 0.01138395 0.360681 0 0.368975 0 0.373118 0 0.360681 0 0.373118 0 0.371939 0 0.351949 0 0.371939 0 0.366525 0 0.360681 0 0.371939 0 0.351949 0 0.346796 0 0.366525 0 0.35898 0 0.351949 0 0.366525 0 0.346796 0 0.34695 0 0.35898 0 0.351672 0 0.346796 0 0.35898 0 0.34695 0 0.139878 0.100193 0.139328 0.09315699 0.1261039 0.1020359 0.138428 0.101282 0.139878 0.100193 0.1261039 0.1020359 0.139219 0.102645 0.138428 0.101282 0.1261039 0.1020359 0.141505 0.102883 0.139219 0.102645 0.1261039 0.1020359 0.14211 0.01036399 0.14211 0.100414 0.139878 0.100193 0.142944 0.01050198 0.142944 0.101742 0.14211 0.100414 0.142944 0.01050198 0.14211 0.100414 0.14211 0.01036399 0.139878 0.01034098 0.139878 0.100193 0.138428 0.101282 0.139878 0.01034098 0.14211 0.01036399 0.139878 0.100193 0.138428 0.01045399 0.138428 0.101282 0.139219 0.102645 0.138428 0.01045399 0.139878 0.01034098 0.138428 0.101282 0.139219 0.01059699 0.139219 0.102645 0.141505 0.102883 0.139219 0.01059699 0.138428 0.01045399 0.139219 0.102645 0.141505 0.01062196 0.141505 0.102883 0.142944 0.101742 0.141505 0.01062196 0.139219 0.01059699 0.141505 0.102883 0.142944 0.01050198 0.141505 0.01062196 0.142944 0.101742 0.1338019 0.009768962 0.14211 0.01036399 0.139878 0.01034098 0.148622 0.01127594 0.142944 0.01050198 0.14211 0.01036399 0.153748 0.01077699 0.148622 0.01127594 0.14211 0.01036399 0.1338019 0.009768962 0.153748 0.01077699 0.14211 0.01036399 0.1338019 0.009768962 0.139878 0.01034098 0.138428 0.01045399 0.1338019 0.009768962 0.138428 0.01045399 0.139219 0.01059699 0.148622 0.01127594 0.139219 0.01059699 0.141505 0.01062196 0.1283929 0.01013594 0.139219 0.01059699 0.148622 0.01127594 0.1283929 0.01013594 0.1338019 0.009768962 0.139219 0.01059699 0.148622 0.01127594 0.141505 0.01062196 0.142944 0.01050198 0.12726 0.01067495 0.139856 0.01145595 0.131482 0.011204 0.131482 0 0.131482 0.011204 0.139856 0.01145595 0.12726 0 0.12726 0.01067495 0.131482 0.011204 0.12726 0 0.131482 0.011204 0.131482 0 0.1283929 0.01013594 0.148622 0.01127594 0.139856 0.01145595 0.1398569 0 0.139856 0.01145595 0.148622 0.01127594 0.12726 0.01067495 0.1283929 0.01013594 0.139856 0.01145595 0.1398569 0 0.131482 0 0.139856 0.01145595 0.153748 0 0.148622 0.01127594 0.153748 0.01077699 0.148622 0 0.1398569 0 0.148622 0.01127594 0.153748 0 0.148622 0 0.148622 0.01127594 0.141376 0.009655952 0.153531 0.01022195 0.153748 0.01077699 0.153748 0 0.153748 0.01077699 0.153531 0.01022195 0.1338019 0.009768962 0.141376 0.009655952 0.153748 0.01077699 0.141376 0.009655952 0.148739 0.00981599 0.153531 0.01022195 0.153531 0 0.153531 0.01022195 0.148739 0.00981599 0.153531 0 0.153748 0 0.153531 0.01022195 0.148739 0 0.148739 0.00981599 0.141376 0.009655952 0.148739 0 0.153531 0 0.148739 0.00981599 0.141375 0 0.141376 0.009655952 0.1338019 0.009768962 0.141375 0 0.148739 0 0.141376 0.009655952 0.1283929 0 0.1338019 0.009768962 0.1283929 0.01013594 0.1338019 0 0.141375 0 0.1338019 0.009768962 0.1283929 0 0.1338019 0 0.1338019 0.009768962 0.1283929 0 0.1283929 0.01013594 0.12726 0.01067495 0.12726 0 0.1283929 0 0.12726 0.01067495 0.12726 0 0.131482 0 0.1398569 0 0.12726 0 0.1398569 0 0.148622 0 0.1283929 0 0.148622 0 0.153748 0 0.12726 0 0.148622 0 0.1283929 0 0.1338019 0 0.153748 0 0.153531 0 0.1283929 0 0.153748 0 0.1338019 0 0.141375 0 0.153531 0 0.148739 0 0.1338019 0 0.153531 0 0.141375 0 0.001712977 0.005950987 6.86e-4 0.00623995 0 0.006193995 0.998044 0.006555974 10e-6 0.006285965 6.86e-4 0.00623995 0.001955986 0.006555974 0.998044 0.006555974 6.86e-4 0.00623995 0.001712977 0.005950987 0.001955986 0.006555974 6.86e-4 0.00623995 0.001712977 0.005950987 0 0.006193995 1 0.006193995 0.001712977 0.005950987 1 0.006193995 0.999314 0.00623995 0.998044 0.006555974 0.999314 0.00623995 0.99999 0.006285965 0.998287 0.005950987 0.999314 0.00623995 0.998044 0.006555974 0.998287 0.005950987 0.001712977 0.005950987 0.999314 0.00623995 0.998044 0.006555974 0.99999 0.006285965 10e-6 0.006285965 0.994313 0.006053984 0.993921 0.006425976 0.992578 0.006231963 0.992578 0 0.992578 0.006231963 0.993921 0.006425976 0.994313 0 0.994313 0.006053984 0.992578 0.006231963 0.994313 0 0.992578 0.006231963 0.992578 0 0.998287 0.005950987 0.998044 0.006555974 0.993921 0.006425976 0.993922 0 0.993921 0.006425976 0.998044 0.006555974 0.994313 0.006053984 0.998287 0.005950987 0.993921 0.006425976 0.993922 0 0.992578 0 0.993921 0.006425976 0.001955986 0 0.998044 0.006555974 0.001955986 0.006555974 0.998044 0 0.993922 0 0.998044 0.006555974 0.001955986 0 0.998044 0 0.998044 0.006555974 0.005686998 0.006053984 0.006077945 0.006425976 0.001955986 0.006555974 0.001955986 0 0.001955986 0.006555974 0.006077945 0.006425976 0.001712977 0.005950987 0.005686998 0.006053984 0.001955986 0.006555974 0.005686998 0.006053984 0.00742197 0.006231963 0.006077945 0.006425976 0.006078958 0 0.006077945 0.006425976 0.00742197 0.006231963 0.006078958 0 0.001955986 0 0.006077945 0.006425976 0.00742197 0 0.00742197 0.006231963 0.005686998 0.006053984 0.00742197 0 0.006078958 0 0.00742197 0.006231963 0.005686998 0 0.005686998 0.006053984 0.001712977 0.005950987 0.005686998 0 0.00742197 0 0.005686998 0.006053984 0.998287 0 0.001712977 0.005950987 0.998287 0.005950987 0.001712977 0 0.005686998 0 0.001712977 0.005950987 0.998287 0 0.001712977 0 0.001712977 0.005950987 0.998287 0 0.998287 0.005950987 0.994313 0.006053984 0.994313 0 0.998287 0 0.994313 0.006053984 0.994313 0 0.992578 0 0.993922 0 0.994313 0 0.993922 0 0.998044 0 0.998287 0 0.998044 0 0.001955986 0 0.994313 0 0.998044 0 0.998287 0 0.001712977 0 0.001955986 0 0.006078958 0 0.998287 0 0.001955986 0 0.001712977 0 0.005686998 0 0.006078958 0 0.00742197 0 0.001712977 0 0.006078958 0 0.005686998 0 0.479229 0.183493 0.478995 0.231338 0.478995 0.182445 0.490331 0.231846 0.490568 0.232846 0.478995 0.231338 0.479229 0.230404 0.478995 0.231338 0.479229 0.183493 0.479229 0.230404 0.490331 0.231846 0.478995 0.231338 0.479229 0.183493 0.478995 0.182445 0.490568 0.183666 0.490331 0.231846 0.490568 0.183666 0.490568 0.232846 0.490331 0.18467 0.479229 0.183493 0.490568 0.183666 0.490331 0.231846 0.490331 0.18467 0.490568 0.183666 0.479429 0.181813 0.479229 0.183493 0.490331 0.18467 0.479429 0.228346 0.479229 0.230404 0.479229 0.183493 0.479429 0.181813 0.479429 0.228346 0.479229 0.183493 0.490425 0.182958 0.490331 0.18467 0.490331 0.231846 0.490425 0.182958 0.479429 0.181813 0.490331 0.18467 0.490425 0.229749 0.490331 0.231846 0.479229 0.230404 0.490425 0.182958 0.490331 0.231846 0.490425 0.229749 0.490425 0.229749 0.479229 0.230404 0.479429 0.228346 0.479594 0.205319 0.479429 0.228346 0.479429 0.181813 0.484909 0.228479 0.490425 0.229749 0.479429 0.228346 0.481147 0.22143 0.484909 0.228479 0.479429 0.228346 0.479594 0.205319 0.481147 0.22143 0.479429 0.228346 0.484909 0.183208 0.479429 0.181813 0.490425 0.182958 0.481147 0.189478 0.479594 0.205319 0.479429 0.181813 0.484909 0.183208 0.481147 0.189478 0.479429 0.181813 0.490258 0.206559 0.490425 0.182958 0.490425 0.229749 0.488688 0.222365 0.490258 0.206559 0.490425 0.229749 0.484909 0.228479 0.488688 0.222365 0.490425 0.229749 0.488687 0.190292 0.490425 0.182958 0.490258 0.206559 0.488687 0.190292 0.484909 0.183208 0.490425 0.182958 0.490399 0.2037169 0.490258 0.206559 0.488688 0.222365 0.488852 0.187658 0.488687 0.190292 0.490258 0.206559 0.488852 0.187658 0.490258 0.206559 0.490399 0.2037169 0.488852 0.219336 0.488688 0.222365 0.484909 0.228479 0.488852 0.219336 0.490399 0.2037169 0.488688 0.222365 0.485127 0.225388 0.484909 0.228479 0.481147 0.22143 0.485127 0.225388 0.488852 0.219336 0.484909 0.228479 0.481419 0.218436 0.481147 0.22143 0.479594 0.205319 0.481419 0.218436 0.485127 0.225388 0.481147 0.22143 0.479888 0.202527 0.479594 0.205319 0.481147 0.189478 0.481419 0.218436 0.479594 0.205319 0.479888 0.202527 0.485127 0.180671 0.481147 0.189478 0.484909 0.183208 0.481418 0.186877 0.479888 0.202527 0.481147 0.189478 0.481418 0.186877 0.481147 0.189478 0.485127 0.180671 0.485127 0.180671 0.484909 0.183208 0.488687 0.190292 0.488852 0.187658 0.485127 0.180671 0.488687 0.190292 0.479888 0.235029 0.481419 0.218436 0.479888 0.202527 0.480021 0.233585 0.479888 0.235029 0.479888 0.202527 0.480021 0.233585 0.479888 0.202527 0.481291 0.219707 0.479888 0.1800439 0.481291 0.219707 0.479888 0.202527 0.481418 0.186877 0.479888 0.1800439 0.479888 0.202527 0.490399 0.236384 0.490399 0.2037169 0.488852 0.219336 0.491074 0.168859 0.490399 0.2037169 0.490399 0.236384 0.491074 0.168859 0.490399 0.181113 0.490399 0.2037169 0.488852 0.187658 0.490399 0.2037169 0.490399 0.181113 0.490399 0.236384 0.488852 0.219336 0.485127 0.225388 0.490399 0.236384 0.485127 0.225388 0.481419 0.218436 0.479888 0.235029 0.490399 0.236384 0.481419 0.218436 0.490463 0.234915 0.490399 0.236384 0.479888 0.235029 0.491074 0.168859 0.490399 0.236384 0.490463 0.234915 0.480021 0.233585 0.490463 0.234915 0.479888 0.235029 0.491074 0.220813 0.491074 0.168859 0.490463 0.234915 0.491462 0.22036 0.491074 0.220813 0.490463 0.234915 0.479632 0.365317 0.490463 0.234915 0.480021 0.233585 0.490857 0.234946 0.491462 0.22036 0.490463 0.234915 0.479632 0.365317 0.490857 0.234946 0.490463 0.234915 0.485127 0.180671 0.490399 0.181113 0.491074 0.168859 0.488852 0.187658 0.490399 0.181113 0.485127 0.180671 0.481291 0.1679919 0.491074 0.168859 0.491074 0.220813 0.479888 0.1800439 0.491074 0.168859 0.481291 0.1679919 0.479888 0.1800439 0.485127 0.180671 0.491074 0.168859 0.491462 0.22036 0.481291 0.219707 0.491074 0.220813 0.481291 0.1679919 0.491074 0.220813 0.481291 0.219707 0.479632 0.233517 0.480021 0.233585 0.481291 0.219707 0.48097 0.219179 0.479632 0.233517 0.481291 0.219707 0.491462 0.22036 0.48097 0.219179 0.481291 0.219707 0.479888 0.1800439 0.481291 0.1679919 0.481291 0.219707 0.479632 0.365317 0.480021 0.233585 0.479632 0.233517 0.48097 0.344923 0.479632 0.233517 0.48097 0.219179 0.48097 0.344923 0.479632 0.365317 0.479632 0.233517 0.491462 0.346616 0.48097 0.219179 0.491462 0.22036 0.48097 0.344923 0.48097 0.219179 0.491462 0.346616 0.490857 0.367331 0.491462 0.22036 0.490857 0.234946 0.491462 0.346616 0.491462 0.22036 0.490857 0.367331 0.479632 0.365317 0.490857 0.367331 0.490857 0.234946 0.481418 0.186877 0.485127 0.180671 0.479888 0.1800439 0.491462 0.346616 0.490857 0.367331 0.479632 0.365317 0.48097 0.344923 0.491462 0.346616 0.479632 0.365317 0.959669 0.349808 0.959667 0.349807 0.959667 0.515555 0.959669 0.536536 0.959669 0.57378 0.961636 0.228348 0.54101 0.349815 0.541008 0.319947 0.541008 0.349816 0.541008 0.319947 0.541008 0.238842 0.53904 0.556229 0.959667 0.319938 0.959669 0.349808 0.959669 0.319939 0.961636 0.228348 0.959669 0.349808 0.959669 0.515557 0.54101 0.515565 0.541008 0.349816 0.541008 0.515567 0.541008 0.349816 0.541008 0.319947 0.53904 0.556229 0.959669 0.515557 0.959669 0.349808 0.959667 0.515555 0.959669 0.515557 0.959669 0.536536 0.961636 0.228348 0.959669 0.319939 0.959669 0.238836 0.959667 0.319938 0.959669 0.319939 0.959669 0.349808 0.961636 0.228348 0.54101 0.536545 0.541008 0.515567 0.541008 0.536546 0.541008 0.515567 0.541008 0.349816 0.53904 0.556229 0.541008 0.536546 0.541008 0.57379 0.54101 0.536545 0.541008 0.536546 0.541008 0.515567 0.53904 0.556229</float_array>
          <technique_common>
            <accessor source="#clr_link_0_visual-inertia-mesh-map-0-array" count="3624" stride="2">
              <param name="S" type="float"/>
              <param name="T" type="float"/>
            </accessor>
          </technique_common>
        </source>
        <vertices id="clr_link_0_visual-inertia-mesh-vertices">
          <input semantic="POSITION" source="#clr_link_0_visual-inertia-mesh-positions"/>
        </vertices>
        <triangles material="MTL0-material" count="1208">
          <input semantic="VERTEX" source="#clr_link_0_visual-inertia-mesh-vertices" offset="0"/>
          <input semantic="NORMAL" source="#clr_link_0_visual-inertia-mesh-normals" offset="1"/>
          <input semantic="TEXCOORD" source="#clr_link_0_visual-inertia-mesh-map-0" offset="2" set="2"/>
          <p>7 0 0 4 0 1 0 0 2 176 1 3 2 1 4 5 1 5 10 0 6 7 0 7 0 0 8 17 2 9 11 2 10 1 2 11 25 3 12 17 3 13 1 3 14 135 4 15 27 4 16 3 4 17 135 4 18 3 4 19 131 4 20 173 1 21 130 1 22 2 1 23 176 1 24 173 1 25 2 1 26 1349 5 27 6 5 28 9 5 29 179 1 30 176 1 31 5 1 32 182 1 33 179 1 34 5 1 35 1349 5 36 183 5 37 6 5 38 587 6 39 8 6 40 13 6 41 1348 6 42 8 6 43 587 6 44 17 5 45 14 5 46 11 5 47 32 4 48 12 4 49 15 4 50 587 6 51 13 6 52 35 6 53 52 1 54 16 1 55 18 1 56 32 4 57 15 4 58 28 4 59 52 1 60 29 1 61 16 1 62 25 5 63 21 5 64 17 5 65 166 0 66 19 0 67 23 0 68 58 7 69 52 7 70 18 7 71 1250 8 72 59 8 73 20 8 74 1249 0 75 19 0 76 166 0 77 201 9 78 22 9 79 26 9 80 166 0 81 23 0 82 163 0 83 238 0 84 163 0 85 23 0 86 201 6 87 198 6 88 22 6 89 235 8 90 24 8 91 199 8 92 240 8 93 24 8 94 235 8 95 213 6 96 26 6 97 133 6 98 210 6 99 201 6 100 26 6 101 213 6 102 210 6 103 26 6 104 162 10 105 33 10 106 31 10 107 46 1 108 36 1 109 29 1 110 79 0 111 30 0 112 39 0 113 52 11 114 46 11 115 29 11 116 124 0 117 30 0 118 79 0 119 162 12 120 31 12 121 125 12 122 129 0 123 63 0 124 34 0 125 587 6 126 35 6 127 64 6 128 162 13 129 128 13 130 33 13 131 46 1 132 40 1 133 36 1 134 73 14 135 37 14 136 41 14 137 65 4 138 61 4 139 37 4 140 85 15 141 38 15 142 62 15 143 68 16 144 65 16 145 37 16 146 73 4 147 68 4 148 37 4 149 85 17 150 78 17 151 38 17 152 46 1 153 43 1 154 40 1 155 578 18 156 42 18 157 45 18 158 578 19 159 76 19 160 42 19 161 574 4 162 44 4 163 47 4 164 691 20 165 44 20 166 574 20 167 688 4 168 577 4 169 44 4 170 691 4 171 688 4 172 44 4 173 52 1 174 49 1 175 46 1 176 1263 8 177 48 8 178 51 8 179 1263 8 180 576 8 181 48 8 182 1260 4 183 50 4 184 54 4 185 1262 4 186 50 4 187 1260 4 188 58 1 189 55 1 190 52 1 191 1259 5 192 53 5 193 57 5 194 1254 0 195 56 0 196 60 0 197 1256 0 198 56 0 199 1254 0 200 1259 5 201 57 5 202 1257 5 203 1253 8 204 59 8 205 1250 8 206 587 6 207 64 6 208 67 6 209 120 5 210 85 5 211 62 5 212 129 0 213 121 0 214 63 0 215 584 21 216 66 21 217 72 21 218 587 6 219 67 6 220 585 6 221 391 22 222 70 22 223 75 22 224 428 0 225 74 0 226 69 0 227 581 23 228 71 23 229 77 23 230 391 24 231 195 24 232 70 24 233 434 0 234 69 0 235 194 0 236 431 0 237 428 0 238 69 0 239 434 0 240 431 0 241 69 0 242 584 25 243 72 25 244 582 25 245 410 26 246 391 26 247 75 26 248 499 0 249 409 0 250 74 0 251 428 0 252 424 0 253 74 0 254 499 0 255 74 0 256 424 0 257 581 27 258 77 27 259 579 27 260 85 5 261 82 5 262 78 5 263 404 4 264 80 4 265 84 4 266 573 6 267 126 6 268 81 6 269 573 6 270 81 6 271 406 6 272 388 6 273 83 6 274 87 6 275 392 6 276 83 6 277 388 6 278 400 4 279 84 4 280 393 4 281 400 28 282 395 28 283 84 28 284 407 29 285 84 29 286 395 29 287 407 30 288 404 30 289 84 30 290 120 31 291 88 31 292 85 31 293 387 0 294 86 0 295 89 0 296 93 5 297 90 5 298 88 5 299 390 0 300 89 0 301 92 0 302 96 32 303 93 32 304 88 32 305 100 5 306 96 5 307 88 5 308 104 5 309 100 5 310 88 5 311 108 33 312 104 33 313 88 33 314 112 5 315 108 5 316 88 5 317 116 5 318 112 5 319 88 5 320 120 34 321 116 34 322 88 34 323 390 0 324 387 0 325 89 0 326 375 35 327 91 35 328 95 35 329 381 1 330 372 1 331 91 1 332 390 0 333 92 0 334 373 0 335 384 1 336 91 1 337 375 1 338 384 1 339 381 1 340 91 1 341 364 4 342 94 4 343 99 4 344 375 1 345 95 1 346 365 1 347 153 0 348 97 0 349 103 0 350 342 1 351 98 1 352 154 1 353 342 1 354 336 1 355 98 1 356 367 14 357 99 14 358 337 14 359 367 4 360 364 4 361 99 4 362 298 4 363 101 4 364 107 4 365 153 0 366 103 0 367 150 0 368 333 6 369 149 6 370 102 6 371 333 6 372 102 6 373 299 6 374 145 0 375 105 0 376 111 0 377 279 1 378 106 1 379 146 1 380 279 1 381 276 1 382 106 1 383 306 36 384 107 36 385 277 36 386 301 37 387 298 37 388 107 37 389 306 4 390 301 4 391 107 4 392 244 4 393 109 4 394 115 4 395 145 0 396 111 0 397 142 0 398 270 6 399 141 6 400 110 6 401 270 6 402 110 6 403 245 6 404 137 0 405 113 0 406 119 0 407 222 1 408 114 1 409 138 1 410 222 1 411 216 1 412 114 1 413 252 38 414 115 38 415 217 38 416 247 39 417 244 39 418 115 39 419 252 4 420 247 4 421 115 4 422 185 4 423 117 4 424 123 4 425 137 0 426 119 0 427 134 0 428 213 6 429 133 6 430 118 6 431 213 6 432 118 6 433 186 6 434 173 1 435 122 1 436 130 1 437 173 1 438 170 1 439 122 1 440 193 36 441 123 36 442 171 36 443 188 40 444 185 40 445 123 40 446 193 4 447 188 4 448 123 4 449 167 8 450 162 8 451 125 8 452 1264 4 453 168 4 454 127 4 455 1245 6 456 126 6 457 573 6 458 1264 4 459 127 4 460 1246 4 461 162 41 462 132 41 463 128 41 464 162 42 465 136 42 466 132 42 467 159 43 468 140 43 469 136 43 470 243 4 471 139 4 472 143 4 473 162 8 474 159 8 475 136 8 476 228 44 477 222 44 478 138 44 479 241 1 480 228 1 481 138 1 482 159 45 483 144 45 484 140 45 485 260 4 486 243 4 487 143 4 488 270 6 489 257 6 490 141 6 491 159 8 492 148 8 493 144 8 494 297 4 495 147 4 496 151 4 497 294 1 498 279 1 499 146 1 500 159 8 501 152 8 502 148 8 503 313 4 504 297 4 505 151 4 506 333 6 507 311 6 508 149 6 509 159 8 510 156 8 511 152 8 512 362 4 513 155 4 514 158 4 515 348 11 516 342 11 517 154 11 518 361 1 519 348 1 520 154 1 521 1271 1 522 157 1 523 161 1 524 1346 4 525 362 4 526 158 4 527 1345 1 528 157 1 529 1271 1 530 1270 0 531 160 0 532 163 0 533 167 8 534 164 8 535 162 8 536 315 0 537 163 0 538 238 0 539 358 0 540 163 0 541 315 0 542 1270 0 543 163 0 544 358 0 545 1265 6 546 165 6 547 169 6 548 1268 0 549 1249 0 550 166 0 551 1267 6 552 165 6 553 1265 6 554 590 46 555 172 46 556 175 46 557 590 47 558 196 47 559 172 47 560 586 4 561 174 4 562 177 4 563 673 4 564 174 4 565 586 4 566 670 4 567 589 4 568 174 4 569 673 4 570 670 4 571 174 4 572 588 8 573 178 8 574 181 8 575 1364 4 576 180 4 577 184 4 578 1353 8 579 588 8 580 181 8 581 1364 4 582 1352 4 583 180 4 584 1357 4 585 184 4 586 1350 4 587 1357 4 588 1354 4 589 184 4 590 1366 4 591 184 4 592 1354 4 593 1366 4 594 1364 4 595 184 4 596 215 48 597 187 48 598 192 48 599 391 49 600 190 49 601 195 49 602 442 0 603 194 0 604 189 0 605 593 50 606 191 50 607 197 50 608 594 51 609 215 51 610 192 51 611 391 52 612 254 52 613 190 52 614 448 0 615 189 0 616 253 0 617 445 0 618 442 0 619 189 0 620 448 0 621 445 0 622 189 0 623 438 0 624 434 0 625 194 0 626 442 0 627 438 0 628 194 0 629 593 53 630 197 53 631 591 53 632 232 0 633 200 0 634 202 0 635 236 0 636 200 0 637 232 0 638 207 6 639 204 6 640 201 6 641 233 5 642 203 5 643 205 5 644 210 54 645 207 54 646 201 54 647 226 4 648 206 4 649 208 4 650 230 4 651 206 4 652 226 4 653 233 5 654 205 5 655 229 5 656 224 8 657 209 8 658 212 8 659 227 8 660 209 8 661 224 8 662 658 55 663 211 55 664 214 55 665 223 4 666 211 4 667 220 4 668 655 4 669 220 4 670 211 4 671 658 56 672 655 56 673 211 56 674 664 4 675 214 4 676 592 4 677 664 57 678 658 57 679 214 57 680 222 1 681 219 1 682 216 1 683 596 58 684 218 58 685 221 58 686 596 59 687 255 59 688 218 59 689 652 60 690 595 60 691 220 60 692 655 61 693 652 61 694 220 61 695 228 1 696 225 1 697 222 1 698 234 1 699 231 1 700 228 1 701 237 1 702 234 1 703 228 1 704 241 1 705 237 1 706 228 1 707 258 5 708 239 5 709 242 5 710 295 62 711 239 62 712 258 62 713 312 5 714 239 5 715 295 5 716 317 5 717 239 5 718 312 5 719 275 21 720 246 21 721 251 21 722 273 6 723 270 6 724 245 6 725 374 63 726 249 63 727 254 63 728 456 0 729 253 0 730 248 0 731 599 64 732 250 64 733 256 64 734 600 65 735 275 65 736 251 65 737 374 66 738 308 66 739 249 66 740 462 0 741 248 0 742 307 0 743 459 0 744 456 0 745 248 0 746 462 0 747 459 0 748 248 0 749 391 67 750 374 67 751 254 67 752 452 0 753 448 0 754 253 0 755 456 0 756 452 0 757 253 0 758 599 68 759 256 68 760 597 68 761 270 6 762 261 6 763 257 6 764 296 0 765 259 0 766 262 0 767 270 6 768 264 6 769 261 6 770 293 5 771 263 5 772 265 5 773 296 0 774 262 0 775 292 0 776 270 6 777 267 6 778 264 6 779 1276 69 780 266 69 781 268 69 782 293 5 783 265 5 784 289 5 785 1276 4 786 290 4 787 266 4 788 287 8 789 269 8 790 272 8 791 1283 4 792 268 4 793 286 4 794 1278 4 795 1276 4 796 268 4 797 1280 4 798 1278 4 799 268 4 800 1283 4 801 1280 4 802 268 4 803 640 4 804 271 4 805 274 4 806 283 4 807 271 4 808 280 4 809 637 4 810 280 4 811 271 4 812 287 8 813 272 8 814 284 8 815 640 4 816 637 4 817 271 4 818 646 4 819 274 4 820 598 4 821 646 4 822 640 4 823 274 4 824 602 70 825 278 70 826 281 70 827 602 71 828 309 71 829 278 71 830 294 1 831 282 1 832 279 1 833 634 4 834 601 4 835 280 4 836 637 4 837 634 4 838 280 4 839 291 1 840 285 1 841 282 1 842 294 1 843 291 1 844 282 1 845 291 1 846 288 1 847 285 1 848 1283 4 849 286 4 850 290 4 851 1276 4 852 1273 4 853 290 4 854 1285 4 855 290 4 856 1273 4 857 1285 4 858 1283 4 859 290 4 860 335 72 861 300 72 862 305 72 863 374 73 864 303 73 865 308 73 866 470 0 867 307 0 868 302 0 869 605 74 870 304 74 871 310 74 872 606 75 873 335 75 874 305 75 875 374 76 876 369 76 877 303 76 878 476 0 879 302 0 880 368 0 881 473 0 882 470 0 883 302 0 884 476 0 885 473 0 886 302 0 887 466 0 888 462 0 889 307 0 890 470 0 891 466 0 892 307 0 893 605 77 894 310 77 895 603 77 896 321 6 897 314 6 898 311 6 899 330 78 900 321 78 901 311 78 902 333 6 903 330 6 904 311 6 905 321 6 906 318 6 907 314 6 908 355 8 909 316 8 910 319 8 911 359 8 912 316 8 913 355 8 914 352 0 915 320 0 916 322 0 917 356 0 918 320 0 919 352 0 920 327 6 921 324 6 922 321 6 923 353 5 924 323 5 925 325 5 926 330 79 927 327 79 928 321 79 929 346 4 930 326 4 931 328 4 932 350 4 933 326 4 934 346 4 935 353 5 936 325 5 937 349 5 938 344 8 939 329 8 940 332 8 941 347 8 942 329 8 943 344 8 944 622 80 945 331 80 946 334 80 947 343 4 948 331 4 949 340 4 950 619 81 951 340 81 952 331 81 953 622 82 954 619 82 955 331 82 956 628 4 957 334 4 958 604 4 959 628 83 960 622 83 961 334 83 962 342 1 963 339 1 964 336 1 965 609 46 966 338 46 967 341 46 968 609 84 969 371 84 970 338 84 971 616 4 972 607 4 973 340 4 974 619 4 975 616 4 976 340 4 977 348 1 978 345 1 979 342 1 980 354 1 981 351 1 982 348 1 983 357 1 984 354 1 985 348 1 986 361 1 987 357 1 988 348 1 989 1347 5 990 360 5 991 363 5 992 1347 5 993 1272 5 994 360 5 995 374 85 996 366 85 997 369 85 998 381 86 999 365 86 1000 372 86 1001 378 1 1002 375 1 1003 365 1 1004 381 87 1005 378 87 1006 365 87 1007 480 0 1008 476 0 1009 368 0 1010 490 88 1011 480 88 1012 368 88 1013 608 89 1014 491 89 1015 370 89 1016 1488 4 1017 377 4 1018 380 4 1019 1484 5 1020 385 5 1021 376 5 1022 1487 5 1023 1484 5 1024 376 5 1025 1493 8 1026 379 8 1027 383 8 1028 1494 4 1029 1488 4 1030 380 4 1031 1490 0 1032 382 0 1033 386 0 1034 1493 8 1035 383 8 1036 1491 8 1037 1490 0 1038 386 0 1039 1485 0 1040 553 90 1041 389 90 1042 391 90 1043 553 8 1044 394 8 1045 389 8 1046 410 91 1047 399 91 1048 391 91 1049 550 92 1050 391 93 1051 399 94 1052 553 8 1053 391 8 1054 550 8 1055 553 95 1056 403 95 1057 394 95 1058 421 96 1059 396 96 1060 401 96 1061 415 97 1062 408 97 1063 396 97 1064 493 98 1065 397 98 1066 409 98 1067 421 99 1068 415 99 1069 396 99 1070 548 1 1071 398 1 1072 495 1 1073 540 6 1074 422 6 1075 402 6 1076 552 6 1077 540 6 1078 402 6 1079 572 72 1080 405 72 1081 411 72 1082 415 100 1083 412 100 1084 408 100 1085 572 101 1086 411 101 1087 414 101 1088 496 0 1089 493 0 1090 409 0 1091 499 0 1092 496 0 1093 409 0 1094 526 4 1095 413 4 1096 417 4 1097 528 4 1098 413 4 1099 526 4 1100 571 4 1101 413 4 1102 528 4 1103 421 5 1104 418 5 1105 415 5 1106 546 1 1107 416 1 1108 420 1 1109 547 4 1110 526 4 1111 417 4 1112 557 4 1113 419 4 1114 423 4 1115 546 1 1116 420 1 1117 544 1 1118 564 4 1119 543 4 1120 419 4 1121 557 102 1122 554 102 1123 419 102 1124 566 103 1125 419 103 1126 554 103 1127 566 4 1128 564 4 1129 419 4 1130 557 104 1131 423 104 1132 541 104 1133 693 105 1134 426 106 1135 429 107 1136 506 108 1137 425 108 1138 435 108 1139 764 4 1140 436 4 1141 427 4 1142 506 109 1143 500 109 1144 425 109 1145 760 110 1146 426 110 1147 693 110 1148 764 4 1149 427 4 1150 761 4 1151 690 8 1152 430 8 1153 433 8 1154 693 111 1155 429 111 1156 689 111 1157 686 112 1158 432 113 1159 437 114 1160 690 8 1161 433 8 1162 687 8 1163 506 115 1164 435 115 1165 439 115 1166 765 116 1167 686 116 1168 437 116 1169 675 117 1170 440 118 1171 443 119 1172 506 120 1173 439 120 1174 449 120 1175 796 4 1176 450 4 1177 441 4 1178 792 121 1179 440 121 1180 675 121 1181 796 4 1182 441 4 1183 793 4 1184 672 8 1185 444 8 1186 447 8 1187 675 122 1188 443 122 1189 671 122 1190 668 123 1191 446 124 1192 451 125 1193 672 8 1194 447 8 1195 669 8 1196 509 126 1197 449 126 1198 453 126 1199 509 127 1200 506 127 1201 449 127 1202 797 128 1203 668 128 1204 451 128 1205 657 129 1206 454 130 1207 457 131 1208 509 132 1209 453 132 1210 463 132 1211 840 4 1212 464 4 1213 455 4 1214 836 133 1215 454 133 1216 657 133 1217 840 4 1218 455 4 1219 837 4 1220 654 8 1221 458 8 1222 461 8 1223 657 134 1224 457 134 1225 653 134 1226 650 135 1227 460 136 1228 465 137 1229 654 8 1230 461 8 1231 651 8 1232 509 5 1233 463 5 1234 467 5 1235 841 138 1236 650 138 1237 465 138 1238 639 139 1239 468 140 1240 471 141 1241 509 142 1242 467 142 1243 477 142 1244 872 4 1245 478 4 1246 469 4 1247 868 143 1248 468 143 1249 639 143 1250 872 4 1251 469 4 1252 869 4 1253 636 8 1254 472 8 1255 475 8 1256 639 111 1257 471 111 1258 635 111 1259 632 112 1260 474 113 1261 479 114 1262 636 8 1263 475 8 1264 633 8 1265 509 144 1266 477 144 1267 481 144 1268 873 145 1269 632 145 1270 479 145 1271 490 146 1272 484 147 1273 480 148 1274 621 149 1275 482 150 1276 485 151 1277 514 152 1278 509 152 1279 481 152 1280 946 4 1281 515 4 1282 483 4 1283 942 153 1284 482 153 1285 621 153 1286 946 4 1287 483 4 1288 943 4 1289 490 0 1290 487 0 1291 484 0 1292 614 8 1293 486 8 1294 488 8 1295 618 8 1296 486 8 1297 614 8 1298 621 154 1299 485 154 1300 617 154 1301 1143 6 1302 489 6 1303 492 6 1304 1136 8 1305 614 8 1306 488 8 1307 1142 8 1308 1136 8 1309 488 8 1310 1151 155 1311 491 155 1312 608 155 1313 1149 6 1314 1143 6 1315 492 6 1316 1151 5 1317 1148 5 1318 491 5 1319 525 8 1320 494 8 1321 498 8 1322 536 8 1323 494 8 1324 525 8 1325 536 8 1326 533 8 1327 494 8 1328 548 1 1329 495 1 1330 534 1 1331 524 156 1332 497 157 1333 502 158 1334 506 5 1335 503 5 1336 500 5 1337 517 4 1338 501 4 1339 504 4 1340 524 159 1341 502 159 1342 518 159 1343 953 6 1344 505 6 1345 508 6 1346 521 4 1347 517 4 1348 504 4 1349 953 6 1350 522 6 1351 505 6 1352 952 0 1353 507 0 1354 510 0 1355 514 5 1356 511 5 1357 509 5 1358 955 0 1359 510 0 1360 513 0 1361 955 0 1362 952 0 1363 510 0 1364 947 1 1365 512 1 1366 516 1 1367 949 1 1368 512 1 1369 947 1 1370 955 0 1371 513 0 1372 950 0 1373 956 160 1374 519 160 1375 523 160 1376 530 161 1377 524 161 1378 518 161 1379 717 0 1380 532 0 1381 520 0 1382 763 0 1383 717 0 1384 520 0 1385 956 162 1386 762 162 1387 519 162 1388 956 8 1389 523 8 1390 954 8 1391 530 163 1392 527 163 1393 524 163 1394 545 8 1395 536 8 1396 525 8 1397 569 6 1398 529 6 1399 531 6 1400 694 4 1401 528 4 1402 568 4 1403 694 164 1404 571 164 1405 528 164 1406 709 6 1407 569 6 1408 531 6 1409 957 0 1410 710 0 1411 532 0 1412 719 0 1413 532 0 1414 717 0 1415 960 0 1416 532 0 1417 719 0 1418 960 165 1419 957 165 1420 532 165 1421 549 0 1422 535 0 1423 537 0 1424 542 8 1425 539 8 1426 536 8 1427 552 6 1428 538 6 1429 540 6 1430 545 8 1431 542 8 1432 536 8 1433 551 0 1434 549 0 1435 537 0 1436 564 4 1437 541 4 1438 543 4 1439 559 4 1440 557 4 1441 541 4 1442 561 4 1443 559 4 1444 541 4 1445 564 4 1446 561 4 1447 541 4 1448 1426 166 1449 555 167 1450 558 168 1451 1438 169 1452 567 170 1453 556 171 1454 1438 172 1455 556 173 1456 1427 174 1457 1429 175 1458 558 176 1459 560 177 1460 1429 178 1461 1426 179 1462 558 180 1463 1431 181 1464 560 182 1465 562 183 1466 1431 184 1467 1429 185 1468 560 186 1469 1434 187 1470 563 188 1471 565 189 1472 1433 190 1473 1431 191 1474 562 192 1475 1436 193 1476 565 194 1477 567 195 1478 1436 196 1479 1434 197 1480 565 198 1481 1438 199 1482 1436 200 1483 567 201 1484 712 5 1485 695 5 1486 570 5 1487 700 6 1488 697 6 1489 569 6 1490 712 5 1491 570 5 1492 698 5 1493 709 6 1494 700 6 1495 569 6 1496 694 202 1497 574 202 1498 571 202 1499 1245 6 1500 573 6 1501 575 6 1502 694 203 1503 691 203 1504 574 203 1505 1255 6 1506 1245 6 1507 575 6 1508 1261 204 1509 1255 204 1510 575 204 1511 685 4 1512 580 4 1513 577 4 1514 688 4 1515 685 4 1516 577 4 1517 682 4 1518 583 4 1519 580 4 1520 685 4 1521 682 4 1522 580 4 1523 676 4 1524 586 4 1525 583 4 1526 682 4 1527 676 4 1528 583 4 1529 676 4 1530 673 4 1531 586 4 1532 1351 6 1533 1348 6 1534 587 6 1535 667 4 1536 592 4 1537 589 4 1538 670 4 1539 667 4 1540 589 4 1541 667 4 1542 664 4 1543 592 4 1544 649 4 1545 598 4 1546 595 4 1547 652 4 1548 649 4 1549 595 4 1550 649 4 1551 646 4 1552 598 4 1553 631 4 1554 604 4 1555 601 4 1556 634 4 1557 631 4 1558 601 4 1559 631 4 1560 628 4 1561 604 4 1562 613 4 1563 610 4 1564 607 4 1565 1151 205 1566 608 205 1567 612 205 1568 616 4 1569 613 4 1570 607 4 1571 1134 6 1572 611 6 1573 615 6 1574 1145 6 1575 611 6 1576 1134 6 1577 1151 5 1578 612 5 1579 1146 5 1580 1136 8 1581 1133 8 1582 614 8 1583 930 1 1584 620 1 1585 624 1 1586 930 1 1587 927 1 1588 620 1 1589 942 206 1590 621 206 1591 928 206 1592 628 4 1593 625 4 1594 622 4 1595 924 5 1596 623 5 1597 627 5 1598 936 1 1599 624 1 1600 925 1 1601 936 207 1602 930 207 1603 624 207 1604 877 6 1605 626 6 1606 630 6 1607 897 6 1608 626 6 1609 877 6 1610 882 6 1611 879 6 1612 626 6 1613 924 5 1614 627 5 1615 880 5 1616 897 208 1617 882 208 1618 626 208 1619 876 163 1620 629 163 1621 632 163 1622 876 209 1623 632 209 1624 873 209 1625 859 1 1626 638 1 1627 642 1 1628 868 210 1629 639 210 1630 860 210 1631 646 4 1632 643 4 1633 640 4 1634 848 5 1635 641 5 1636 645 5 1637 856 5 1638 641 5 1639 848 5 1640 865 1 1641 642 1 1642 857 1 1643 862 1 1644 859 1 1645 642 1 1646 865 1 1647 862 1 1648 642 1 1649 853 6 1650 644 6 1651 648 6 1652 853 6 1653 847 6 1654 644 6 1655 844 163 1656 647 163 1657 650 163 1658 853 6 1659 648 6 1660 845 6 1661 844 211 1662 650 211 1663 841 211 1664 824 1 1665 656 1 1666 660 1 1667 824 1 1668 821 1 1669 656 1 1670 836 212 1671 657 212 1672 822 212 1673 664 4 1674 661 4 1675 658 4 1676 818 5 1677 659 5 1678 663 5 1679 830 213 1680 660 213 1681 819 213 1682 830 214 1683 824 214 1684 660 214 1685 801 6 1686 662 6 1687 666 6 1688 815 6 1689 662 6 1690 801 6 1691 806 6 1692 803 6 1693 662 6 1694 818 5 1695 663 5 1696 804 5 1697 815 6 1698 806 6 1699 662 6 1700 800 215 1701 665 215 1702 668 215 1703 800 216 1704 668 216 1705 797 216 1706 783 1 1707 674 1 1708 678 1 1709 792 217 1710 675 217 1711 784 217 1712 682 4 1713 679 4 1714 676 4 1715 772 5 1716 677 5 1717 681 5 1718 780 5 1719 677 5 1720 772 5 1721 789 1 1722 678 1 1723 781 1 1724 786 1 1725 783 1 1726 678 1 1727 789 1 1728 786 1 1729 678 1 1730 777 6 1731 680 6 1732 684 6 1733 777 6 1734 771 6 1735 680 6 1736 768 163 1737 683 163 1738 686 163 1739 777 6 1740 684 6 1741 769 6 1742 768 218 1743 686 218 1744 765 218 1745 730 1 1746 692 1 1747 696 1 1748 718 1 1749 715 1 1750 692 1 1751 760 210 1752 693 210 1753 716 210 1754 730 1 1755 718 1 1756 692 1 1757 730 1 1758 696 1 1759 713 1 1760 735 4 1761 699 4 1762 702 4 1763 735 4 1764 714 4 1765 699 4 1766 706 6 1767 703 6 1768 700 6 1769 734 8 1770 701 8 1771 705 8 1772 709 219 1773 706 219 1774 700 219 1775 966 0 1776 704 0 1777 708 0 1778 731 0 1779 704 0 1780 729 0 1781 966 0 1782 729 0 1783 704 0 1784 734 8 1785 705 8 1786 732 8 1787 963 5 1788 707 5 1789 711 5 1790 963 5 1791 711 5 1792 958 5 1793 733 1 1794 730 1 1795 713 1 1796 742 1 1797 721 1 1798 1618 1 1799 962 5 1800 720 5 1801 1629 5 1802 730 1 1803 727 1 1804 718 1 1805 748 220 1806 718 220 1807 727 220 1808 745 1 1809 742 1 1810 1618 1 1811 745 1 1812 1618 1 1813 1626 1 1814 757 1 1815 718 1 1816 748 1 1817 757 1 1818 754 1 1819 1622 1 1820 742 1 1821 724 1 1822 721 1 1823 971 0 1824 722 0 1825 726 0 1826 972 5 1827 962 5 1828 723 5 1829 748 1 1830 727 1 1831 724 1 1832 968 8 1833 725 8 1834 728 8 1835 739 1 1836 736 1 1837 724 1 1838 754 1 1839 724 1 1840 736 1 1841 742 1 1842 739 1 1843 724 1 1844 751 1 1845 748 1 1846 724 1 1847 754 1 1848 751 1 1849 724 1 1850 971 0 1851 726 0 1852 969 0 1853 968 8 1854 728 8 1855 965 8 1856 1233 8 1857 738 8 1858 740 8 1859 754 1 1860 736 1 1861 745 1 1862 1229 4 1863 746 4 1864 737 4 1865 1233 8 1866 1230 8 1867 738 8 1868 1235 0 1869 741 0 1870 743 0 1871 1235 0 1872 1234 0 1873 741 0 1874 1232 5 1875 744 5 1876 747 5 1877 1236 5 1878 744 5 1879 1232 5 1880 1231 4 1881 746 4 1882 1229 4 1883 1241 8 1884 750 8 1885 752 8 1886 1237 4 1887 758 4 1888 749 4 1889 1241 8 1890 1238 8 1891 750 8 1892 1243 0 1893 753 0 1894 755 0 1895 1243 0 1896 1242 0 1897 753 0 1898 1240 5 1899 756 5 1900 759 5 1901 1244 5 1902 756 5 1903 1240 5 1904 1239 4 1905 758 4 1906 1237 4 1907 956 221 1908 766 221 1909 762 221 1910 785 0 1911 770 0 1912 767 0 1913 795 0 1914 785 0 1915 767 0 1916 956 222 1917 794 222 1918 766 222 1919 787 0 1920 778 0 1921 770 0 1922 787 0 1923 770 0 1924 785 0 1925 777 6 1926 774 6 1927 771 6 1928 978 223 1929 773 223 1930 776 223 1931 985 4 1932 782 4 1933 773 4 1934 976 4 1935 973 4 1936 773 4 1937 985 4 1938 773 4 1939 973 4 1940 978 224 1941 976 224 1942 773 224 1943 790 8 1944 775 8 1945 779 8 1946 978 4 1947 776 4 1948 791 4 1949 790 8 1950 779 8 1951 788 8 1952 985 4 1953 791 4 1954 782 4 1955 980 4 1956 978 4 1957 791 4 1958 983 225 1959 980 225 1960 791 225 1961 985 226 1962 983 226 1963 791 226 1964 956 8 1965 798 8 1966 794 8 1967 823 0 1968 802 0 1969 799 0 1970 839 0 1971 823 0 1972 799 0 1973 951 227 1974 838 227 1975 798 227 1976 956 8 1977 951 8 1978 798 8 1979 825 0 1980 816 0 1981 802 0 1982 825 228 1983 802 228 1984 823 228 1985 835 4 1986 805 4 1987 808 4 1988 835 4 1989 820 4 1990 805 4 1991 812 6 1992 809 6 1993 806 6 1994 834 8 1995 807 8 1996 811 8 1997 815 229 1998 812 229 1999 806 229 2000 829 0 2001 810 0 2002 814 0 2003 831 0 2004 810 0 2005 829 0 2006 834 8 2007 811 8 2008 832 8 2009 828 5 2010 813 5 2011 817 5 2012 828 5 2013 817 5 2014 826 5 2015 833 1 2016 830 1 2017 819 1 2018 830 1 2019 827 1 2020 824 1 2021 951 8 2022 842 8 2023 838 8 2024 861 0 2025 846 0 2026 843 0 2027 871 0 2028 861 0 2029 843 0 2030 951 230 2031 870 230 2032 842 230 2033 863 0 2034 854 0 2035 846 0 2036 863 0 2037 846 0 2038 861 0 2039 853 6 2040 850 6 2041 847 6 2042 1050 223 2043 849 223 2044 852 223 2045 1057 4 2046 858 4 2047 849 4 2048 1048 4 2049 1045 4 2050 849 4 2051 1057 4 2052 849 4 2053 1045 4 2054 1050 224 2055 1048 224 2056 849 224 2057 866 8 2058 851 8 2059 855 8 2060 1050 4 2061 852 4 2062 867 4 2063 866 8 2064 855 8 2065 864 8 2066 1057 4 2067 867 4 2068 858 4 2069 1052 4 2070 1050 4 2071 867 4 2072 1055 231 2073 1052 231 2074 867 231 2075 1057 232 2076 1055 232 2077 867 232 2078 951 233 2079 874 233 2080 870 233 2081 929 0 2082 878 0 2083 875 0 2084 945 0 2085 929 0 2086 875 0 2087 951 234 2088 944 234 2089 874 234 2090 1117 0 2091 898 0 2092 878 0 2093 1117 0 2094 878 0 2095 929 0 2096 941 4 2097 881 4 2098 884 4 2099 941 4 2100 926 4 2101 881 4 2102 888 6 2103 885 6 2104 882 6 2105 940 8 2106 883 8 2107 887 8 2108 897 235 2109 888 235 2110 882 235 2111 1130 0 2112 886 0 2113 890 0 2114 937 0 2115 886 0 2116 934 0 2117 1130 0 2118 934 0 2119 886 0 2120 940 8 2121 887 8 2122 938 8 2123 909 6 2124 891 6 2125 888 6 2126 1129 8 2127 889 8 2128 893 8 2129 915 6 2130 888 6 2131 897 6 2132 903 6 2133 900 6 2134 888 6 2135 909 236 2136 888 236 2137 900 236 2138 921 237 2139 903 237 2140 888 237 2141 915 6 2142 912 6 2143 888 6 2144 921 6 2145 888 6 2146 912 6 2147 909 6 2148 894 6 2149 891 6 2150 1126 0 2151 892 0 2152 896 0 2153 1129 8 2154 893 8 2155 1127 8 2156 915 6 2157 897 6 2158 1620 6 2159 1123 5 2160 895 5 2161 1633 5 2162 906 6 2163 903 6 2164 1630 6 2165 903 6 2166 918 6 2167 1624 6 2168 909 6 2169 906 6 2170 894 6 2171 918 6 2172 915 6 2173 1620 6 2174 1126 0 2175 896 0 2176 1124 0 2177 1123 5 2178 899 5 2179 1118 5 2180 1231 4 2181 901 4 2182 904 4 2183 1230 8 2184 910 8 2185 902 8 2186 1231 4 2187 1229 4 2188 901 4 2189 1236 5 2190 905 5 2191 908 5 2192 921 6 2193 918 6 2194 903 6 2195 1236 5 2196 1232 5 2197 905 5 2198 1234 0 2199 907 0 2200 911 0 2201 1235 0 2202 907 0 2203 1234 0 2204 1233 8 2205 910 8 2206 1230 8 2207 1239 4 2208 913 4 2209 916 4 2210 1238 8 2211 922 8 2212 914 8 2213 1239 4 2214 1237 4 2215 913 4 2216 1244 5 2217 917 5 2218 920 5 2219 1244 5 2220 1240 5 2221 917 5 2222 1242 0 2223 919 0 2224 923 0 2225 1243 0 2226 919 0 2227 1242 0 2228 1241 8 2229 922 8 2230 1238 8 2231 939 1 2232 936 1 2233 925 1 2234 1117 238 2235 929 238 2236 931 238 2237 936 1 2238 933 1 2239 930 1 2240 1121 5 2241 932 5 2242 935 5 2243 1120 0 2244 1117 0 2245 931 0 2246 1131 5 2247 1121 5 2248 935 5 2249 951 8 2250 948 8 2251 944 8 2252 970 6 2253 959 6 2254 961 6 2255 970 239 2256 964 239 2257 959 239 2258 970 6 2259 967 6 2260 964 6 2261 987 240 2262 974 241 2263 977 242 2264 999 243 2265 986 244 2266 975 245 2267 999 246 2268 975 247 2269 988 248 2270 990 249 2271 977 250 2272 979 251 2273 990 252 2274 987 253 2275 977 254 2276 992 255 2277 979 256 2278 981 257 2279 992 258 2280 990 259 2281 979 260 2282 995 261 2283 982 262 2284 984 263 2285 994 264 2286 992 265 2287 981 266 2288 997 267 2289 984 268 2290 986 269 2291 997 270 2292 995 271 2293 984 272 2294 999 273 2295 997 274 2296 986 275 2297 1017 0 2298 989 0 2299 991 0 2300 1006 276 2301 1000 276 2302 989 276 2303 1008 0 2304 1006 0 2305 989 0 2306 1017 277 2307 1008 277 2308 989 277 2309 1017 278 2310 991 278 2311 993 278 2312 1017 279 2313 993 279 2314 996 279 2315 1006 280 2316 996 280 2317 998 280 2318 1019 0 2319 996 0 2320 1006 0 2321 1019 0 2322 1017 0 2323 996 0 2324 1006 281 2325 998 281 2326 1000 281 2327 1021 0 2328 1004 0 2329 1001 0 2330 1023 282 2331 1002 283 2332 1005 284 2333 1043 285 2334 1022 286 2335 1003 287 2336 1043 288 2337 1003 289 2338 1024 290 2339 1019 0 2340 1006 0 2341 1004 0 2342 1026 291 2343 1005 292 2344 1007 293 2345 1021 0 2346 1019 0 2347 1004 0 2348 1026 294 2349 1023 295 2350 1005 296 2351 1030 297 2352 1007 298 2353 1009 299 2354 1028 300 2355 1026 301 2356 1007 302 2357 1030 303 2358 1028 304 2359 1007 305 2360 1015 0 2361 1010 0 2362 1008 0 2363 1030 306 2364 1009 307 2365 1011 308 2366 1017 0 2367 1015 0 2368 1008 0 2369 1015 309 2370 1012 309 2371 1010 309 2372 1032 310 2373 1011 311 2374 1013 312 2375 1032 313 2376 1030 314 2377 1011 315 2378 1035 316 2379 1014 317 2380 1016 318 2381 1034 319 2382 1032 320 2383 1013 321 2384 1037 322 2385 1016 323 2386 1018 324 2387 1037 325 2388 1035 326 2389 1016 327 2390 1041 328 2391 1018 329 2392 1020 330 2393 1039 331 2394 1037 332 2395 1018 333 2396 1041 334 2397 1039 335 2398 1018 336 2399 1041 337 2400 1020 338 2401 1022 339 2402 1043 340 2403 1041 341 2404 1022 342 2405 1044 4 2406 1025 4 2407 1027 4 2408 1044 4 2409 1027 4 2410 1029 4 2411 1042 4 2412 1029 4 2413 1031 4 2414 1044 4 2415 1029 4 2416 1042 4 2417 1040 4 2418 1031 4 2419 1033 4 2420 1042 4 2421 1031 4 2422 1040 4 2423 1038 4 2424 1033 4 2425 1036 4 2426 1040 4 2427 1033 4 2428 1038 4 2429 1059 240 2430 1046 241 2431 1049 242 2432 1071 343 2433 1058 344 2434 1047 345 2435 1071 346 2436 1047 347 2437 1060 348 2438 1062 349 2439 1049 350 2440 1051 351 2441 1062 252 2442 1059 253 2443 1049 254 2444 1064 255 2445 1051 256 2446 1053 257 2447 1064 352 2448 1062 353 2449 1051 354 2450 1067 355 2451 1054 356 2452 1056 357 2453 1066 264 2454 1064 265 2455 1053 266 2456 1069 358 2457 1056 359 2458 1058 360 2459 1069 361 2460 1067 362 2461 1056 363 2462 1071 364 2463 1069 365 2464 1058 366 2465 1089 0 2466 1061 0 2467 1063 0 2468 1078 276 2469 1072 276 2470 1061 276 2471 1080 0 2472 1078 0 2473 1061 0 2474 1089 277 2475 1080 277 2476 1061 277 2477 1089 367 2478 1063 367 2479 1065 367 2480 1089 368 2481 1065 368 2482 1068 368 2483 1078 369 2484 1068 369 2485 1070 369 2486 1091 0 2487 1068 0 2488 1078 0 2489 1091 0 2490 1089 0 2491 1068 0 2492 1078 370 2493 1070 370 2494 1072 370 2495 1093 0 2496 1076 0 2497 1073 0 2498 1095 371 2499 1074 372 2500 1077 373 2501 1115 285 2502 1094 286 2503 1075 287 2504 1115 288 2505 1075 289 2506 1096 290 2507 1091 0 2508 1078 0 2509 1076 0 2510 1098 374 2511 1077 375 2512 1079 376 2513 1093 0 2514 1091 0 2515 1076 0 2516 1098 377 2517 1095 378 2518 1077 379 2519 1102 380 2520 1079 381 2521 1081 382 2522 1100 383 2523 1098 384 2524 1079 385 2525 1102 386 2526 1100 387 2527 1079 388 2528 1087 0 2529 1082 0 2530 1080 0 2531 1102 389 2532 1081 390 2533 1083 391 2534 1089 0 2535 1087 0 2536 1080 0 2537 1087 392 2538 1084 392 2539 1082 392 2540 1104 393 2541 1083 394 2542 1085 395 2543 1104 396 2544 1102 397 2545 1083 398 2546 1107 316 2547 1086 317 2548 1088 318 2549 1106 399 2550 1104 400 2551 1085 401 2552 1109 402 2553 1088 403 2554 1090 404 2555 1109 325 2556 1107 326 2557 1088 327 2558 1113 405 2559 1090 406 2560 1092 407 2561 1111 408 2562 1109 409 2563 1090 410 2564 1113 411 2565 1111 412 2566 1090 413 2567 1113 414 2568 1092 415 2569 1094 416 2570 1115 417 2571 1113 418 2572 1094 419 2573 1116 4 2574 1097 4 2575 1099 4 2576 1116 4 2577 1099 4 2578 1101 4 2579 1114 4 2580 1101 4 2581 1103 4 2582 1116 4 2583 1101 4 2584 1114 4 2585 1112 4 2586 1103 4 2587 1105 4 2588 1114 4 2589 1103 4 2590 1112 4 2591 1110 4 2592 1105 4 2593 1108 4 2594 1112 4 2595 1105 4 2596 1110 4 2597 1132 1 2598 1119 1 2599 1122 1 2600 1128 1 2601 1125 1 2602 1119 1 2603 1132 1 2604 1128 1 2605 1119 1 2606 1167 4 2607 1135 4 2608 1138 4 2609 1160 104 2610 1147 104 2611 1135 104 2612 1162 4 2613 1160 4 2614 1135 4 2615 1164 4 2616 1162 4 2617 1135 4 2618 1167 420 2619 1164 420 2620 1135 420 2621 1142 8 2622 1139 8 2623 1136 8 2624 1155 1 2625 1137 1 2626 1141 1 2627 1167 4 2628 1138 4 2629 1156 4 2630 1150 0 2631 1140 0 2632 1144 0 2633 1152 0 2634 1140 0 2635 1150 0 2636 1155 1 2637 1141 1 2638 1153 1 2639 1154 5 2640 1151 5 2641 1146 5 2642 1160 4 2643 1156 4 2644 1147 4 2645 1160 421 2646 1157 421 2647 1156 421 2648 1169 4 2649 1156 4 2650 1157 4 2651 1169 4 2652 1167 4 2653 1156 4 2654 1171 422 2655 1158 423 2656 1161 424 2657 1183 425 2658 1170 426 2659 1159 427 2660 1183 428 2661 1159 429 2662 1172 430 2663 1174 431 2664 1161 432 2665 1163 433 2666 1174 434 2667 1171 435 2668 1161 436 2669 1176 437 2670 1163 438 2671 1165 439 2672 1176 440 2673 1174 441 2674 1163 442 2675 1179 443 2676 1166 444 2677 1168 445 2678 1178 446 2679 1176 447 2680 1165 448 2681 1181 449 2682 1168 450 2683 1170 451 2684 1181 452 2685 1179 453 2686 1168 454 2687 1183 455 2688 1181 456 2689 1170 457 2690 1201 458 2691 1173 458 2692 1175 458 2693 1190 459 2694 1184 459 2695 1173 459 2696 1192 460 2697 1190 460 2698 1173 460 2699 1201 461 2700 1192 461 2701 1173 461 2702 1201 462 2703 1175 462 2704 1177 462 2705 1201 0 2706 1177 0 2707 1180 0 2708 1190 463 2709 1180 463 2710 1182 463 2711 1203 0 2712 1180 0 2713 1190 0 2714 1203 464 2715 1201 464 2716 1180 464 2717 1190 465 2718 1182 465 2719 1184 465 2720 1205 0 2721 1188 0 2722 1185 0 2723 1207 466 2724 1186 467 2725 1189 468 2726 1227 469 2727 1206 470 2728 1187 471 2729 1227 472 2730 1187 473 2731 1208 474 2732 1203 475 2733 1190 475 2734 1188 475 2735 1210 476 2736 1189 477 2737 1191 478 2738 1205 0 2739 1203 0 2740 1188 0 2741 1210 479 2742 1207 480 2743 1189 481 2744 1214 482 2745 1191 483 2746 1193 484 2747 1212 485 2748 1210 486 2749 1191 487 2750 1214 488 2751 1212 489 2752 1191 490 2753 1199 0 2754 1194 0 2755 1192 0 2756 1214 491 2757 1193 492 2758 1195 493 2759 1201 494 2760 1199 494 2761 1192 494 2762 1199 392 2763 1196 392 2764 1194 392 2765 1216 495 2766 1195 496 2767 1197 497 2768 1216 498 2769 1214 499 2770 1195 500 2771 1219 501 2772 1198 502 2773 1200 503 2774 1218 504 2775 1216 505 2776 1197 506 2777 1221 507 2778 1200 508 2779 1202 509 2780 1221 510 2781 1219 511 2782 1200 512 2783 1225 513 2784 1202 514 2785 1204 515 2786 1223 516 2787 1221 517 2788 1202 518 2789 1225 519 2790 1223 520 2791 1202 521 2792 1225 522 2793 1204 523 2794 1206 524 2795 1227 525 2796 1225 526 2797 1206 527 2798 1228 4 2799 1209 4 2800 1211 4 2801 1228 4 2802 1211 4 2803 1213 4 2804 1226 4 2805 1213 4 2806 1215 4 2807 1228 4 2808 1213 4 2809 1226 4 2810 1224 4 2811 1215 4 2812 1217 4 2813 1226 4 2814 1215 4 2815 1224 4 2816 1222 4 2817 1217 4 2818 1220 4 2819 1224 4 2820 1217 4 2821 1222 4 2822 1255 6 2823 1248 6 2824 1245 6 2825 1269 5 2826 1247 5 2827 1251 5 2828 1269 5 2829 1266 5 2830 1247 5 2831 1255 6 2832 1252 6 2833 1248 6 2834 1261 6 2835 1258 6 2836 1255 6 2837 1287 240 2838 1274 241 2839 1277 242 2840 1299 528 2841 1286 529 2842 1275 530 2843 1299 346 2844 1275 347 2845 1288 348 2846 1290 531 2847 1277 532 2848 1279 533 2849 1290 534 2850 1287 535 2851 1277 536 2852 1292 255 2853 1279 256 2854 1281 257 2855 1292 537 2856 1290 538 2857 1279 539 2858 1295 355 2859 1282 356 2860 1284 357 2861 1294 264 2862 1292 265 2863 1281 266 2864 1297 540 2865 1284 359 2866 1286 541 2867 1297 361 2868 1295 362 2869 1284 363 2870 1299 542 2871 1297 543 2872 1286 544 2873 1317 0 2874 1289 0 2875 1291 0 2876 1306 545 2877 1300 545 2878 1289 545 2879 1308 0 2880 1306 0 2881 1289 0 2882 1317 546 2883 1308 546 2884 1289 546 2885 1317 547 2886 1291 547 2887 1293 547 2888 1317 548 2889 1293 548 2890 1296 548 2891 1306 549 2892 1296 549 2893 1298 549 2894 1319 0 2895 1296 0 2896 1306 0 2897 1319 0 2898 1317 0 2899 1296 0 2900 1306 550 2901 1298 550 2902 1300 550 2903 1321 0 2904 1304 0 2905 1301 0 2906 1323 371 2907 1302 372 2908 1305 373 2909 1343 551 2910 1322 552 2911 1303 553 2912 1343 288 2913 1303 289 2914 1324 290 2915 1319 0 2916 1306 0 2917 1304 0 2918 1326 554 2919 1305 555 2920 1307 556 2921 1321 0 2922 1319 0 2923 1304 0 2924 1326 557 2925 1323 558 2926 1305 559 2927 1330 560 2928 1307 381 2929 1309 561 2930 1328 562 2931 1326 563 2932 1307 564 2933 1330 386 2934 1328 565 2935 1307 566 2936 1315 0 2937 1310 0 2938 1308 0 2939 1330 567 2940 1309 568 2941 1311 569 2942 1317 0 2943 1315 0 2944 1308 0 2945 1315 309 2946 1312 309 2947 1310 309 2948 1332 570 2949 1311 571 2950 1313 572 2951 1332 573 2952 1330 574 2953 1311 575 2954 1335 576 2955 1314 577 2956 1316 578 2957 1334 579 2958 1332 580 2959 1313 581 2960 1337 582 2961 1316 583 2962 1318 584 2963 1337 585 2964 1335 586 2965 1316 587 2966 1341 588 2967 1318 406 2968 1320 589 2969 1339 590 2970 1337 591 2971 1318 592 2972 1341 411 2973 1339 593 2974 1318 594 2975 1341 595 2976 1320 596 2977 1322 597 2978 1343 598 2979 1341 599 2980 1322 600 2981 1344 4 2982 1325 4 2983 1327 4 2984 1344 4 2985 1327 4 2986 1329 4 2987 1342 4 2988 1329 4 2989 1331 4 2990 1344 4 2991 1329 4 2992 1342 4 2993 1340 4 2994 1331 4 2995 1333 4 2996 1342 4 2997 1331 4 2998 1340 4 2999 1338 4 3000 1333 4 3001 1336 4 3002 1340 4 3003 1333 4 3004 1338 4 3005 1357 69 3006 1350 69 3007 1352 69 3008 1359 4 3009 1357 4 3010 1352 4 3011 1361 4 3012 1359 4 3013 1352 4 3014 1364 4 3015 1361 4 3016 1352 4 3017 1368 240 3018 1355 241 3019 1358 242 3020 1380 601 3021 1367 602 3022 1356 603 3023 1380 246 3024 1356 247 3025 1369 248 3026 1371 604 3027 1358 605 3028 1360 606 3029 1371 534 3030 1368 535 3031 1358 536 3032 1373 255 3033 1360 256 3034 1362 257 3035 1373 607 3036 1371 608 3037 1360 609 3038 1376 261 3039 1363 262 3040 1365 263 3041 1375 264 3042 1373 265 3043 1362 266 3044 1378 610 3045 1365 611 3046 1367 612 3047 1378 270 3048 1376 271 3049 1365 272 3050 1380 613 3051 1378 614 3052 1367 615 3053 1398 0 3054 1370 0 3055 1372 0 3056 1387 545 3057 1381 545 3058 1370 545 3059 1389 0 3060 1387 0 3061 1370 0 3062 1398 616 3063 1389 616 3064 1370 616 3065 1398 617 3066 1372 617 3067 1374 617 3068 1398 279 3069 1374 279 3070 1377 279 3071 1387 618 3072 1377 618 3073 1379 618 3074 1400 0 3075 1377 0 3076 1387 0 3077 1400 0 3078 1398 0 3079 1377 0 3080 1387 619 3081 1379 619 3082 1381 619 3083 1402 0 3084 1385 0 3085 1382 0 3086 1404 282 3087 1383 283 3088 1386 284 3089 1424 551 3090 1403 552 3091 1384 553 3092 1424 288 3093 1384 289 3094 1405 290 3095 1400 0 3096 1387 0 3097 1385 0 3098 1407 620 3099 1386 621 3100 1388 622 3101 1402 0 3102 1400 0 3103 1385 0 3104 1407 623 3105 1404 624 3106 1386 625 3107 1411 626 3108 1388 298 3109 1390 627 3110 1409 628 3111 1407 629 3112 1388 630 3113 1411 303 3114 1409 631 3115 1388 632 3116 1396 0 3117 1391 0 3118 1389 0 3119 1411 633 3120 1390 634 3121 1392 635 3122 1398 0 3123 1396 0 3124 1389 0 3125 1396 309 3126 1393 309 3127 1391 309 3128 1413 636 3129 1392 637 3130 1394 638 3131 1413 639 3132 1411 640 3133 1392 641 3134 1416 576 3135 1395 577 3136 1397 578 3137 1415 642 3138 1413 643 3139 1394 644 3140 1418 645 3141 1397 646 3142 1399 647 3143 1418 585 3144 1416 586 3145 1397 587 3146 1422 648 3147 1399 329 3148 1401 649 3149 1420 650 3150 1418 651 3151 1399 652 3152 1422 334 3153 1420 653 3154 1399 654 3155 1422 655 3156 1401 656 3157 1403 657 3158 1424 658 3159 1422 659 3160 1403 660 3161 1425 4 3162 1406 4 3163 1408 4 3164 1425 4 3165 1408 4 3166 1410 4 3167 1423 4 3168 1410 4 3169 1412 4 3170 1425 4 3171 1410 4 3172 1423 4 3173 1421 4 3174 1412 4 3175 1414 4 3176 1423 4 3177 1412 4 3178 1421 4 3179 1419 4 3180 1414 4 3181 1417 4 3182 1421 4 3183 1414 4 3184 1419 4 3185 1456 0 3186 1428 0 3187 1430 0 3188 1445 661 3189 1439 661 3190 1428 661 3191 1447 662 3192 1445 662 3193 1428 662 3194 1456 0 3195 1447 0 3196 1428 0 3197 1456 663 3198 1430 663 3199 1432 663 3200 1456 664 3201 1432 664 3202 1435 664 3203 1445 0 3204 1435 0 3205 1437 0 3206 1458 0 3207 1435 0 3208 1445 0 3209 1458 665 3210 1456 665 3211 1435 665 3212 1445 666 3213 1437 666 3214 1439 666 3215 1460 0 3216 1443 0 3217 1440 0 3218 1462 667 3219 1441 668 3220 1444 669 3221 1482 670 3222 1461 671 3223 1442 672 3224 1482 673 3225 1442 674 3226 1463 675 3227 1458 0 3228 1445 0 3229 1443 0 3230 1465 676 3231 1444 677 3232 1446 678 3233 1460 0 3234 1458 0 3235 1443 0 3236 1465 679 3237 1462 680 3238 1444 681 3239 1469 682 3240 1446 683 3241 1448 684 3242 1467 685 3243 1465 686 3244 1446 687 3245 1469 688 3246 1467 689 3247 1446 690 3248 1454 0 3249 1449 0 3250 1447 0 3251 1469 691 3252 1448 692 3253 1450 693 3254 1456 0 3255 1454 0 3256 1447 0 3257 1454 0 3258 1451 0 3259 1449 0 3260 1471 694 3261 1450 695 3262 1452 696 3263 1471 697 3264 1469 698 3265 1450 699 3266 1474 700 3267 1453 701 3268 1455 702 3269 1473 703 3270 1471 704 3271 1452 705 3272 1476 706 3273 1455 707 3274 1457 708 3275 1476 709 3276 1474 710 3277 1455 711 3278 1480 712 3279 1457 713 3280 1459 714 3281 1478 715 3282 1476 716 3283 1457 717 3284 1480 718 3285 1478 719 3286 1457 720 3287 1480 721 3288 1459 722 3289 1461 723 3290 1482 724 3291 1480 725 3292 1461 726 3293 1483 4 3294 1464 4 3295 1466 4 3296 1483 4 3297 1466 4 3298 1468 4 3299 1481 4 3300 1468 4 3301 1470 4 3302 1483 4 3303 1468 4 3304 1481 4 3305 1479 4 3306 1470 4 3307 1472 4 3308 1481 4 3309 1470 4 3310 1479 4 3311 1477 4 3312 1472 4 3313 1475 4 3314 1479 4 3315 1472 4 3316 1477 4 3317 1496 1 3318 1486 1 3319 1489 1 3320 1502 1 3321 1492 1 3322 1486 1 3323 1505 1 3324 1486 1 3325 1496 1 3326 1505 1 3327 1502 1 3328 1486 1 3329 1496 1 3330 1489 1 3331 1495 1 3332 1502 1 3333 1495 1 3334 1492 1 3335 1499 1 3336 1496 1 3337 1495 1 3338 1502 727 3339 1499 727 3340 1495 727 3341 1512 4 3342 1498 4 3343 1501 4 3344 1508 5 3345 1506 5 3346 1497 5 3347 1511 5 3348 1508 5 3349 1497 5 3350 1517 8 3351 1500 8 3352 1504 8 3353 1518 4 3354 1512 4 3355 1501 4 3356 1514 0 3357 1503 0 3358 1507 0 3359 1517 8 3360 1504 8 3361 1515 8 3362 1514 0 3363 1507 0 3364 1509 0 3365 1529 1 3366 1510 1 3367 1513 1 3368 1525 1 3369 1516 1 3370 1510 1 3371 1527 728 3372 1525 728 3373 1510 728 3374 1529 729 3375 1527 729 3376 1510 729 3377 1534 1 3378 1513 1 3379 1519 1 3380 1532 1 3381 1529 1 3382 1513 1 3383 1534 730 3384 1532 730 3385 1513 730 3386 1520 1 3387 1519 1 3388 1516 1 3389 1523 1 3390 1520 1 3391 1516 1 3392 1525 731 3393 1523 731 3394 1516 731 3395 1536 1 3396 1519 1 3397 1520 1 3398 1536 732 3399 1534 732 3400 1519 732 3401 1543 733 3402 1521 734 3403 1524 735 3404 1604 736 3405 1537 737 3406 1522 738 3407 1604 739 3408 1522 740 3409 1546 741 3410 1548 742 3411 1524 743 3412 1526 744 3413 1548 745 3414 1543 746 3415 1524 747 3416 1550 748 3417 1526 749 3418 1528 750 3419 1550 751 3420 1548 752 3421 1526 753 3422 1552 754 3423 1528 755 3424 1530 756 3425 1552 757 3426 1550 758 3427 1528 759 3428 1541 760 3429 1531 761 3430 1533 762 3431 1552 763 3432 1530 764 3433 1538 765 3434 1597 766 3435 1533 767 3436 1535 768 3437 1603 769 3438 1541 770 3439 1533 771 3440 1603 772 3441 1533 773 3442 1597 774 3443 1597 775 3444 1535 776 3445 1537 777 3446 1604 778 3447 1597 779 3448 1537 780 3449 1557 781 3450 1553 781 3451 1539 781 3452 1577 5 3453 1558 5 3454 1542 5 3455 1577 5 3456 1542 5 3457 1575 5 3458 1601 5 3459 1575 5 3460 1542 5 3461 1602 6 3462 1600 6 3463 1540 6 3464 1554 6 3465 1544 6 3466 1549 6 3467 1567 8 3468 1545 8 3469 1555 8 3470 1567 8 3471 1564 8 3472 1545 8 3473 1605 6 3474 1547 6 3475 1566 6 3476 1554 782 3477 1549 782 3478 1551 782 3479 1554 783 3480 1551 783 3481 1553 783 3482 1557 6 3483 1554 6 3484 1553 6 3485 1562 0 3486 1556 0 3487 1559 0 3488 1567 784 3489 1555 784 3490 1560 784 3491 1578 0 3492 1562 0 3493 1559 0 3494 1570 8 3495 1567 8 3496 1560 8 3497 1586 4 3498 1571 4 3499 1561 4 3500 1609 6 3501 1563 6 3502 1579 6 3503 1589 4 3504 1586 4 3505 1561 4 3506 1609 6 3507 1590 6 3508 1563 6 3509 1595 4 3510 1565 4 3511 1569 4 3512 1605 6 3513 1566 6 3514 1598 6 3515 1592 1 3516 1568 1 3517 1572 1 3518 1599 4 3519 1569 4 3520 1593 4 3521 1599 785 3522 1595 785 3523 1569 785 3524 1586 4 3525 1573 4 3526 1571 4 3527 1592 1 3528 1572 1 3529 1574 1 3530 1580 4 3531 1576 4 3532 1573 4 3533 1583 4 3534 1580 4 3535 1573 4 3536 1586 786 3537 1583 786 3538 1573 786 3539 1601 5 3540 1594 5 3541 1575 5 3542 1609 6 3543 1579 6 3544 1581 6 3545 1616 5 3546 1582 5 3547 1585 5 3548 1616 5 3549 1610 5 3550 1582 5 3551 1613 1 3552 1584 1 3553 1588 1 3554 1615 1 3555 1584 1 3556 1613 1 3557 1607 8 3558 1587 8 3559 1591 8 3560 1612 8 3561 1587 8 3562 1607 8 3563 1609 6 3564 1606 6 3565 1590 6 3566 1602 6 3567 1596 6 3568 1600 6 3569 1614 0 3570 1608 0 3571 1611 0 3572 1617 0 3573 1614 0 3574 1611 0 3575 1622 1 3576 754 1 3577 745 1 3578 1619 5 3579 723 5 3580 962 5 3581 918 6 3582 1620 6 3583 1624 6 3584 1621 5 3585 899 5 3586 1123 5 3587 757 1 3588 1622 1 3589 1628 1 3590 962 5 3591 1623 5 3592 1627 5 3593 903 6 3594 1624 6 3595 1630 6 3596 1625 5 3597 1621 5 3598 1123 5 3599 1626 1 3600 1622 1 3601 745 1 3602 1627 5 3603 1619 5 3604 962 5 3605 1628 1 3606 718 1 3607 757 1 3608 1629 5 3609 1623 5 3610 962 5 3611 906 6 3612 1630 6 3613 1632 6 3614 1631 5 3615 1625 5 3616 1123 5 3617 1632 6 3618 894 6 3619 906 6 3620 1633 5 3621 1631 5 3622 1123 5 3623</p>
        </triangles>
      </mesh>
    </geometry>
  </library_geometries>
  <library_visual_scenes>
    <visual_scene id="Scene" name="Scene">
      <node id="clr_link_0_visual-inertia" name="clr_link_0_visual-inertia" type="NODE">
        <matrix sid="transform">1 0 0 0 0 1 0 0 0 0 1 0 0 0 0 1</matrix>
        <instance_geometry url="#clr_link_0_visual-inertia-mesh" name="clr_link_0_visual-inertia">
          <bind_material>
            <technique_common>
              <instance_material symbol="MTL0-material" target="#MTL0-material">
                <bind_vertex_input semantic="UVMap" input_semantic="TEXCOORD" input_set="0"/>
              </instance_material>
            </technique_common>
          </bind_material>
        </instance_geometry>
      </node>
    </visual_scene>
  </library_visual_scenes>
  <scene>
    <instance_visual_scene url="#Scene"/>
  </scene>
</COLLADA>